Relative Time,Date,Time Stamp UTC,Volt,Volt,Volt,Volt,Chn 1 Events
0,2023-07-21,6:32:33 PM,0.629577637,0.000305176,-0.000915527,0,
0.01,2023-07-21,6:32:33 PM,0.629577637,0.000305176,-0.000915527,0,
0.02,2023-07-21,6:32:33 PM,0.629577637,0.000305176,-0.000915527,0,
0.03,2023-07-21,6:32:33 PM,0.629577637,0.000305176,-0.000915527,0,
0.04,2023-07-21,6:32:33 PM,0.629577637,0.000305176,-0.000915527,0,
0.05,2023-07-21,6:32:33 PM,0.629577637,0.000305176,-0.000915527,0.000305176,
0.06,2023-07-21,6:32:33 PM,0.629577637,0.000305176,-0.001220703,0.000305176,
0.07,2023-07-21,6:32:33 PM,0.629882813,0.000305176,-0.001220703,0.000305176,
0.08,2023-07-21,6:32:33 PM,0.629577637,0.000305176,-0.001220703,0.000305176,
0.09,2023-07-21,6:32:33 PM,0.629577637,0.000305176,-0.001220703,0.000305176,
0.1,2023-07-21,6:32:33 PM,0.629577637,0.000305176,-0.001220703,0.000305176,
0.11,2023-07-21,6:32:33 PM,0.629577637,0.000305176,-0.001220703,0.000305176,
0.12,2023-07-21,6:32:33 PM,0.629577637,0.000305176,-0.001220703,0.000305176,
0.13,2023-07-21,6:32:33 PM,0.629577637,0.000305176,-0.001220703,0.000305176,
0.14,2023-07-21,6:32:33 PM,0.629882813,0.000305176,-0.001220703,0.000305176,
0.15,2023-07-21,6:32:33 PM,0.629882813,0.000610352,-0.001220703,0.000305176,
0.16,2023-07-21,6:32:33 PM,0.629882813,0.000610352,-0.001220703,0.000305176,
0.17,2023-07-21,6:32:33 PM,0.629577637,0.000305176,-0.001220703,0.000305176,
0.18,2023-07-21,6:32:33 PM,0.629577637,0.000305176,-0.001220703,0.000305176,
0.19,2023-07-21,6:32:33 PM,0.629577637,0.000305176,-0.001220703,0.000305176,
0.2,2023-07-21,6:32:33 PM,0.629577637,0.000305176,-0.001220703,0.000305176,
0.21,2023-07-21,6:32:33 PM,0.629577637,0.000305176,-0.001220703,0.000305176,
0.22,2023-07-21,6:32:33 PM,0.629577637,0.000305176,-0.001220703,0.000305176,
0.23,2023-07-21,6:32:33 PM,0.629577637,0.000305176,-0.001220703,0.000305176,
0.24,2023-07-21,6:32:33 PM,0.629272461,0.000305176,-0.001220703,0.000305176,
0.25,2023-07-21,6:32:33 PM,0.629272461,0.000305176,-0.001220703,0.000305176,
0.26,2023-07-21,6:32:33 PM,0.629272461,0.000305176,-0.001220703,0.000305176,
0.27,2023-07-21,6:32:33 PM,0.629577637,0.000305176,-0.000915527,0.000305176,
0.28,2023-07-21,6:32:33 PM,0.629577637,0.000305176,-0.001220703,0.000305176,
0.29,2023-07-21,6:32:33 PM,0.629577637,0.000305176,-0.001220703,0.000305176,
0.3,2023-07-21,6:32:33 PM,0.629272461,0.000305176,-0.001220703,0.000305176,
0.31,2023-07-21,6:32:33 PM,0.629272461,0.000305176,-0.001220703,0.000305176,
0.32,2023-07-21,6:32:33 PM,0.629272461,0.000305176,-0.001220703,0.000305176,
0.33,2023-07-21,6:32:33 PM,0.629272461,0.000305176,-0.001220703,0.000305176,
0.34,2023-07-21,6:32:33 PM,0.629272461,0.000305176,-0.001220703,0.000305176,
0.35,2023-07-21,6:32:33 PM,0.629272461,0.000305176,-0.001220703,0.000305176,
0.36,2023-07-21,6:32:33 PM,0.629577637,0.000305176,-0.001220703,0.000305176,
0.37,2023-07-21,6:32:33 PM,0.629882813,0.000305176,-0.000915527,0.000305176,
0.38,2023-07-21,6:32:33 PM,0.630187988,0.000305176,-0.000915527,0.000305176,
0.39,2023-07-21,6:32:33 PM,0.629882813,0.000305176,-0.000915527,0.000305176,
0.4,2023-07-21,6:32:33 PM,0.629577637,0.000305176,-0.001220703,0.000305176,
0.41,2023-07-21,6:32:33 PM,0.629577637,0.000305176,-0.001220703,0.000305176,
0.42,2023-07-21,6:32:33 PM,0.629577637,0.000305176,-0.001220703,0.000305176,
0.43,2023-07-21,6:32:33 PM,0.629577637,0.000305176,-0.001220703,0.000305176,
0.44,2023-07-21,6:32:33 PM,0.629577637,0.000305176,-0.001220703,0.000305176,
0.45,2023-07-21,6:32:33 PM,0.629272461,0.000305176,-0.001220703,0.000305176,
0.46,2023-07-21,6:32:33 PM,0.629272461,0.000305176,-0.001220703,0.000305176,
0.47,2023-07-21,6:32:33 PM,0.629272461,0.000305176,-0.001220703,0.000305176,
0.48,2023-07-21,6:32:33 PM,0.629272461,0.000305176,-0.001220703,0.000305176,
0.49,2023-07-21,6:32:33 PM,0.629272461,0.000305176,-0.001220703,0.000305176,
0.5,2023-07-21,6:32:33 PM,0.629577637,0.000305176,-0.001220703,0.000305176,
0.51,2023-07-21,6:32:33 PM,0.629577637,0.000305176,-0.001220703,0.000305176,
0.52,2023-07-21,6:32:33 PM,0.629577637,0.000305176,-0.001220703,0.000305176,
0.53,2023-07-21,6:32:33 PM,0.629577637,0.000305176,-0.001220703,0.000305176,
0.54,2023-07-21,6:32:33 PM,0.629577637,0.000305176,-0.001220703,0,
0.55,2023-07-21,6:32:33 PM,0.629577637,0.000305176,-0.001220703,0,
0.56,2023-07-21,6:32:33 PM,0.629577637,0.000305176,-0.001220703,0,
0.57,2023-07-21,6:32:33 PM,0.629577637,0.000305176,-0.001220703,0,
0.58,2023-07-21,6:32:33 PM,0.629272461,0.000305176,-0.001220703,0,
0.59,2023-07-21,6:32:33 PM,0.629272461,0.000305176,-0.001220703,0,
0.6,2023-07-21,6:32:33 PM,0.629577637,0.000305176,-0.001220703,0.000305176,
0.61,2023-07-21,6:32:33 PM,0.629882813,0.000305176,-0.001220703,0.000305176,
0.62,2023-07-21,6:32:33 PM,0.630187988,0.000305176,-0.001220703,0.000305176,
0.63,2023-07-21,6:32:33 PM,0.629882813,0.000305176,-0.001220703,0.000305176,
0.64,2023-07-21,6:32:33 PM,0.629272461,0.000305176,-0.001220703,0.000305176,
0.65,2023-07-21,6:32:33 PM,0.629272461,0.000305176,-0.001220703,0.000305176,
0.66,2023-07-21,6:32:33 PM,0.629272461,0.000305176,-0.001220703,0.000305176,
0.67,2023-07-21,6:32:33 PM,0.629272461,0.000305176,-0.001220703,0.000305176,
0.68,2023-07-21,6:32:33 PM,0.629577637,0.000305176,-0.001220703,0.000305176,
0.69,2023-07-21,6:32:33 PM,0.629577637,0.000305176,-0.001220703,0.000305176,
0.7,2023-07-21,6:32:33 PM,0.629577637,0.000305176,-0.001220703,0.000305176,
0.71,2023-07-21,6:32:33 PM,0.629577637,0.000305176,-0.001220703,0.000305176,
0.72,2023-07-21,6:32:33 PM,0.629577637,0.000305176,-0.001220703,0.000305176,
0.73,2023-07-21,6:32:33 PM,0.629577637,0.000305176,-0.001220703,0.000305176,
0.74,2023-07-21,6:32:33 PM,0.629577637,0.000305176,-0.001220703,0.000305176,
0.75,2023-07-21,6:32:33 PM,0.629577637,0.000305176,-0.001220703,0.000305176,
0.76,2023-07-21,6:32:33 PM,0.629577637,0.000305176,-0.001220703,0.000305176,
0.77,2023-07-21,6:32:33 PM,0.629272461,0.000305176,-0.001220703,0.000305176,
0.78,2023-07-21,6:32:33 PM,0.629272461,0.000305176,-0.001220703,0.000305176,
0.79,2023-07-21,6:32:33 PM,0.629272461,0.000305176,-0.001220703,0,
0.8,2023-07-21,6:32:33 PM,0.629577637,0.000305176,-0.001220703,0,
0.81,2023-07-21,6:32:33 PM,0.629577637,0.000305176,-0.001220703,0,
0.82,2023-07-21,6:32:33 PM,0.629577637,0.000305176,-0.001220703,0,
0.83,2023-07-21,6:32:33 PM,0.629882813,0.000305176,-0.001220703,0,
0.84,2023-07-21,6:32:33 PM,0.629882813,0.000305176,-0.001220703,0,
0.85,2023-07-21,6:32:33 PM,0.630187988,0.000305176,-0.001220703,0,
0.86,2023-07-21,6:32:33 PM,0.629882813,0.000305176,-0.000915527,0,
0.87,2023-07-21,6:32:33 PM,0.629577637,0.000305176,-0.000915527,0,
0.88,2023-07-21,6:32:33 PM,0.629577637,0.000305176,-0.000915527,0,
0.89,2023-07-21,6:32:33 PM,0.629577637,0.000305176,-0.000915527,0,
0.9,2023-07-21,6:32:33 PM,0.631103516,0.000305176,-0.001220703,0.000305176,
0.91,2023-07-21,6:32:33 PM,0.648193359,0.000305176,-0.001220703,0,
0.92,2023-07-21,6:32:33 PM,0.716552734,0.000305176,-0.001220703,0,
0.93,2023-07-21,6:32:33 PM,0.856018066,0.000305176,-0.001220703,0,
0.94,2023-07-21,6:32:33 PM,1.012878418,0.000305176,-0.001220703,0,
0.95,2023-07-21,6:32:33 PM,1.11114502,0.000305176,-0.001220703,0,
0.96,2023-07-21,6:32:33 PM,1.139831543,0.000305176,-0.001220703,0,
0.97,2023-07-21,6:32:33 PM,1.141052246,0.000305176,-0.001220703,0,
0.98,2023-07-21,6:32:33 PM,1.139831543,0.000305176,-0.001220703,0,
0.99,2023-07-21,6:32:33 PM,1.137084961,0.000305176,-0.001220703,0.000305176,
1,2023-07-21,6:32:34 PM,1.132507324,0.000610352,-0.001220703,0.000305176,
1.01,2023-07-21,6:32:34 PM,1.129760742,0.000610352,-0.001220703,0.000305176,
1.02,2023-07-21,6:32:34 PM,1.130065918,0.000305176,-0.001220703,0.000305176,
1.03,2023-07-21,6:32:34 PM,1.130981445,0.000305176,-0.001220703,0.000305176,
1.04,2023-07-21,6:32:34 PM,1.129150391,0.000305176,-0.001220703,0.000305176,
1.05,2023-07-21,6:32:34 PM,1.126403809,0.000305176,-0.001220703,0.000305176,
1.06,2023-07-21,6:32:34 PM,1.124572754,0.000305176,-0.001220703,0.000305176,
1.07,2023-07-21,6:32:34 PM,1.123962402,0.000305176,-0.000915527,0.000305176,
1.08,2023-07-21,6:32:34 PM,1.123657227,0.000305176,-0.000915527,0.000305176,
1.09,2023-07-21,6:32:34 PM,1.121520996,0.000305176,-0.000915527,0.000305176,
1.1,2023-07-21,6:32:34 PM,1.118469238,0.000305176,-0.000915527,0.000305176,
1.11,2023-07-21,6:32:34 PM,1.113891602,0.000305176,-0.000915527,0,
1.12,2023-07-21,6:32:34 PM,1.109313965,0.000305176,-0.001220703,0,
1.13,2023-07-21,6:32:34 PM,1.105041504,0.000305176,-0.001220703,0,
1.14,2023-07-21,6:32:34 PM,1.101379395,0.000305176,-0.001220703,0,
1.15,2023-07-21,6:32:34 PM,1.09954834,0.000305176,-0.001220703,0,
1.16,2023-07-21,6:32:34 PM,1.099243164,0.000610352,-0.001220703,0.000305176,
1.17,2023-07-21,6:32:34 PM,1.099853516,0.000305176,-0.001220703,0.000305176,
1.18,2023-07-21,6:32:34 PM,1.100463867,0.000305176,-0.001220703,0.000305176,
1.19,2023-07-21,6:32:34 PM,1.101074219,0.000305176,-0.001220703,0.000305176,
1.2,2023-07-21,6:32:34 PM,1.100463867,0.000305176,-0.001220703,0.000305176,
1.21,2023-07-21,6:32:34 PM,1.098022461,0.000305176,-0.001220703,0.000305176,
1.22,2023-07-21,6:32:34 PM,1.094360352,0.000305176,-0.001220703,0.000305176,
1.23,2023-07-21,6:32:34 PM,1.091308594,0.000305176,-0.001220703,0.000305176,
1.24,2023-07-21,6:32:34 PM,1.08795166,0.000305176,-0.001220703,0.000305176,
1.25,2023-07-21,6:32:34 PM,1.086425781,0.000305176,-0.001220703,0.000305176,
1.26,2023-07-21,6:32:34 PM,1.086730957,0.000305176,-0.001220703,0.000305176,
1.27,2023-07-21,6:32:34 PM,1.08795166,0.000305176,-0.001220703,0.000305176,
1.28,2023-07-21,6:32:34 PM,1.089172363,0.000305176,-0.001220703,0.000305176,
1.29,2023-07-21,6:32:34 PM,1.090087891,0.000305176,-0.001220703,0.000305176,
1.3,2023-07-21,6:32:34 PM,1.090087891,0.000305176,-0.001220703,0.000305176,
1.31,2023-07-21,6:32:34 PM,1.088562012,0.000305176,-0.001220703,0.000305176,
1.32,2023-07-21,6:32:34 PM,1.086120605,0.000305176,-0.001220703,0.000305176,
1.33,2023-07-21,6:32:34 PM,1.083068848,0.000305176,-0.001220703,0.000305176,
1.34,2023-07-21,6:32:34 PM,1.080627441,0.000305176,-0.001220703,0.000305176,
1.35,2023-07-21,6:32:34 PM,1.078796387,0.000305176,-0.001220703,0.000305176,
1.36,2023-07-21,6:32:34 PM,1.078491211,0.000305176,-0.001220703,0.000305176,
1.37,2023-07-21,6:32:34 PM,1.078186035,0.000305176,-0.000915527,0.000305176,
1.38,2023-07-21,6:32:34 PM,1.078491211,0.000305176,-0.000915527,0,
1.39,2023-07-21,6:32:34 PM,1.08001709,0.000305176,-0.001220703,0,
1.4,2023-07-21,6:32:34 PM,1.081542969,0.000305176,-0.001220703,0,
1.41,2023-07-21,6:32:34 PM,1.081848145,0.000305176,-0.001220703,0,
1.42,2023-07-21,6:32:34 PM,1.081237793,0.000305176,-0.001220703,0,
1.43,2023-07-21,6:32:34 PM,1.08001709,0.000305176,-0.001220703,0,
1.44,2023-07-21,6:32:34 PM,1.077270508,0.000305176,-0.001220703,0,
1.45,2023-07-21,6:32:34 PM,1.07421875,0.000305176,-0.001220703,0.000305176,
1.46,2023-07-21,6:32:34 PM,1.071777344,0.000305176,-0.001220703,0.000305176,
1.47,2023-07-21,6:32:34 PM,1.070251465,0.000305176,-0.001220703,0,
1.48,2023-07-21,6:32:34 PM,1.070556641,0.000305176,-0.001220703,0,
1.49,2023-07-21,6:32:34 PM,1.072998047,0.000305176,-0.001220703,0,
1.5,2023-07-21,6:32:34 PM,1.075134277,0.000305176,-0.001220703,0,
1.51,2023-07-21,6:32:34 PM,1.076660156,0.000305176,-0.001220703,0,
1.52,2023-07-21,6:32:34 PM,1.07635498,0.000305176,-0.001220703,0,
1.53,2023-07-21,6:32:34 PM,1.075439453,0.000305176,-0.001220703,0.000305176,
1.54,2023-07-21,6:32:34 PM,1.073303223,0.000305176,-0.001220703,0.000305176,
1.55,2023-07-21,6:32:34 PM,1.070556641,0.000305176,-0.001220703,0.000305176,
1.56,2023-07-21,6:32:34 PM,1.068115234,0.000305176,-0.001220703,0.000305176,
1.57,2023-07-21,6:32:34 PM,1.066589355,0.000305176,-0.001220703,0.000305176,
1.58,2023-07-21,6:32:34 PM,1.065979004,0.000305176,-0.001220703,0.000305176,
1.59,2023-07-21,6:32:34 PM,1.066894531,0.000305176,-0.001220703,0.000305176,
1.6,2023-07-21,6:32:34 PM,1.068725586,0.000305176,-0.001220703,0.000305176,
1.61,2023-07-21,6:32:34 PM,1.069946289,0.000610352,-0.001220703,0.000305176,
1.62,2023-07-21,6:32:34 PM,1.070556641,0.000610352,-0.001220703,0.000305176,
1.63,2023-07-21,6:32:34 PM,1.070251465,0.000305176,-0.001220703,0.000305176,
1.64,2023-07-21,6:32:34 PM,1.068725586,0.000305176,-0.001220703,0.000305176,
1.65,2023-07-21,6:32:34 PM,1.066589355,0.000305176,-0.001220703,0.000305176,
1.66,2023-07-21,6:32:34 PM,1.064453125,0.000305176,-0.001220703,0,
1.67,2023-07-21,6:32:34 PM,1.063232422,0.000305176,-0.001220703,0,
1.68,2023-07-21,6:32:34 PM,1.062316895,0.000305176,-0.001220703,0,
1.69,2023-07-21,6:32:34 PM,1.062316895,0.000305176,-0.001220703,0,
1.7,2023-07-21,6:32:34 PM,1.063232422,0.000305176,-0.001220703,0,
1.71,2023-07-21,6:32:34 PM,1.063842773,0.000305176,-0.001220703,0,
1.72,2023-07-21,6:32:34 PM,1.064453125,0.000305176,-0.001220703,0,
1.73,2023-07-21,6:32:34 PM,1.065673828,0.000305176,-0.001220703,0.000305176,
1.74,2023-07-21,6:32:34 PM,1.065673828,0.000305176,-0.001220703,0,
1.75,2023-07-21,6:32:34 PM,1.064453125,0.000305176,-0.001220703,0,
1.76,2023-07-21,6:32:34 PM,1.063537598,0.000305176,-0.001220703,0,
1.77,2023-07-21,6:32:34 PM,1.062316895,0.000305176,-0.001220703,0,
1.78,2023-07-21,6:32:34 PM,1.060791016,0.000305176,-0.001220703,0,
1.79,2023-07-21,6:32:34 PM,1.059570313,0.000305176,-0.001220703,0,
1.8,2023-07-21,6:32:34 PM,1.058349609,0.000305176,-0.001220703,0,
1.81,2023-07-21,6:32:34 PM,1.058349609,0.000305176,-0.001220703,0,
1.82,2023-07-21,6:32:34 PM,1.059570313,0.000305176,-0.001220703,0,
1.83,2023-07-21,6:32:34 PM,1.061401367,0.000305176,-0.001220703,0,
1.84,2023-07-21,6:32:34 PM,1.062316895,0.000305176,-0.001220703,0,
1.85,2023-07-21,6:32:34 PM,1.062316895,0.000305176,-0.001220703,0,
1.86,2023-07-21,6:32:34 PM,1.061401367,0.000305176,-0.001220703,0.000305176,
1.87,2023-07-21,6:32:34 PM,1.059570313,0.000305176,-0.001220703,0.000305176,
1.88,2023-07-21,6:32:34 PM,1.057434082,0.000305176,-0.001220703,0.000305176,
1.89,2023-07-21,6:32:34 PM,1.056213379,0.000305176,-0.001220703,0.000305176,
1.9,2023-07-21,6:32:34 PM,1.056213379,0.000305176,-0.001220703,0.000305176,
1.91,2023-07-21,6:32:34 PM,1.056213379,0.000305176,-0.001220703,0.000305176,
1.92,2023-07-21,6:32:34 PM,1.056518555,0.000305176,-0.001220703,0,
1.93,2023-07-21,6:32:34 PM,1.057434082,0.000305176,-0.001220703,0,
1.94,2023-07-21,6:32:34 PM,1.057739258,0.000305176,-0.001220703,0,
1.95,2023-07-21,6:32:34 PM,1.058044434,0.000305176,-0.001220703,0,
1.96,2023-07-21,6:32:34 PM,1.057739258,0.000305176,-0.001220703,0,
1.97,2023-07-21,6:32:34 PM,1.057434082,0.000305176,-0.001220703,0,
1.98,2023-07-21,6:32:34 PM,1.056518555,0.000305176,-0.001220703,0.000305176,
1.99,2023-07-21,6:32:34 PM,1.055908203,0.000305176,-0.001220703,0.000305176,
2,2023-07-21,6:32:35 PM,1.055908203,0.000305176,-0.001220703,0.000305176,
2.01,2023-07-21,6:32:35 PM,1.055908203,0.000305176,-0.001220703,0.000305176,
2.02,2023-07-21,6:32:35 PM,1.055908203,0.000305176,-0.001220703,0.000305176,
2.03,2023-07-21,6:32:35 PM,1.055297852,0.000305176,-0.001220703,0.000305176,
2.04,2023-07-21,6:32:35 PM,1.054992676,0.000305176,-0.000915527,0.000305176,
2.05,2023-07-21,6:32:35 PM,1.055297852,0.000305176,-0.001220703,0.000305176,
2.06,2023-07-21,6:32:35 PM,1.056213379,0.000305176,-0.001220703,0.000305176,
2.07,2023-07-21,6:32:35 PM,1.05682373,0.000305176,-0.001220703,0.000305176,
2.08,2023-07-21,6:32:35 PM,1.05682373,0.000305176,-0.001220703,0.000305176,
2.09,2023-07-21,6:32:35 PM,1.056518555,0.000305176,-0.001220703,0.000305176,
2.1,2023-07-21,6:32:35 PM,1.056213379,0.000305176,-0.001220703,0.000305176,
2.11,2023-07-21,6:32:35 PM,1.054992676,0.000305176,-0.001220703,0.000305176,
2.12,2023-07-21,6:32:35 PM,1.053771973,0.000305176,-0.001220703,0.000305176,
2.13,2023-07-21,6:32:35 PM,1.053466797,0.000305176,-0.001220703,0.000305176,
2.14,2023-07-21,6:32:35 PM,1.053161621,0.000305176,-0.001220703,0.000305176,
2.15,2023-07-21,6:32:35 PM,1.053466797,0.000305176,-0.001220703,0.000305176,
2.16,2023-07-21,6:32:35 PM,1.054382324,0.000305176,-0.001220703,0.000305176,
2.17,2023-07-21,6:32:35 PM,1.055297852,0.000305176,-0.001220703,0.000305176,
2.18,2023-07-21,6:32:35 PM,1.055603027,0.000305176,-0.000915527,0,
2.19,2023-07-21,6:32:35 PM,1.055603027,0.000305176,-0.000915527,0,
2.2,2023-07-21,6:32:35 PM,1.054992676,0.000305176,-0.000915527,0,
2.21,2023-07-21,6:32:35 PM,1.053771973,0.000305176,-0.000915527,0,
2.22,2023-07-21,6:32:35 PM,1.051940918,0.000305176,-0.000915527,0,
2.23,2023-07-21,6:32:35 PM,1.051635742,0.000305176,-0.000915527,0,
2.24,2023-07-21,6:32:35 PM,1.051635742,0.000305176,-0.000915527,0.000305176,
2.25,2023-07-21,6:32:35 PM,1.051635742,0.000305176,-0.000915527,0.000305176,
2.26,2023-07-21,6:32:35 PM,1.05255127,0.000305176,-0.001220703,0.000305176,
2.27,2023-07-21,6:32:35 PM,1.053161621,0.000305176,-0.001220703,0.000305176,
2.28,2023-07-21,6:32:35 PM,1.053466797,0.000305176,-0.001220703,0.000305176,
2.29,2023-07-21,6:32:35 PM,1.054077148,0.000305176,-0.001220703,0.000305176,
2.3,2023-07-21,6:32:35 PM,1.054077148,0.000305176,-0.001220703,0.000305176,
2.31,2023-07-21,6:32:35 PM,1.053466797,0.000305176,-0.001220703,0.000305176,
2.32,2023-07-21,6:32:35 PM,1.05255127,0.000305176,-0.001220703,0.000305176,
2.33,2023-07-21,6:32:35 PM,1.051330566,0.000305176,-0.001220703,0.000305176,
2.34,2023-07-21,6:32:35 PM,1.050109863,0.000305176,-0.001220703,0.000305176,
2.35,2023-07-21,6:32:35 PM,1.049194336,0.000305176,-0.001220703,0.000305176,
2.36,2023-07-21,6:32:35 PM,1.049499512,0.000305176,-0.001220703,0.000305176,
2.37,2023-07-21,6:32:35 PM,1.050415039,0.000305176,-0.001220703,0.000305176,
2.38,2023-07-21,6:32:35 PM,1.051330566,0.000305176,-0.001220703,0.000305176,
2.39,2023-07-21,6:32:35 PM,1.051940918,0.000305176,-0.001220703,0.000305176,
2.4,2023-07-21,6:32:35 PM,1.052856445,0.000305176,-0.001220703,0.000305176,
2.41,2023-07-21,6:32:35 PM,1.052856445,0.000305176,-0.001220703,0.000305176,
2.42,2023-07-21,6:32:35 PM,1.051940918,0.000305176,-0.001220703,0.000305176,
2.43,2023-07-21,6:32:35 PM,1.051330566,0.000305176,-0.001220703,0.000305176,
2.44,2023-07-21,6:32:35 PM,1.050109863,0.000305176,-0.001220703,0.000305176,
2.45,2023-07-21,6:32:35 PM,1.04888916,0.000305176,-0.001220703,0.000305176,
2.46,2023-07-21,6:32:35 PM,1.048583984,0.000305176,-0.001220703,0.000305176,
2.47,2023-07-21,6:32:35 PM,1.049194336,0.000305176,-0.001220703,0.000305176,
2.48,2023-07-21,6:32:35 PM,1.050415039,0.000305176,-0.001220703,0.000305176,
2.49,2023-07-21,6:32:35 PM,1.051330566,0.000305176,-0.001220703,0.000305176,
2.5,2023-07-21,6:32:35 PM,1.051635742,0.000305176,-0.001220703,0.000305176,
2.51,2023-07-21,6:32:35 PM,1.051330566,0.000305176,-0.001220703,0.000305176,
2.52,2023-07-21,6:32:35 PM,1.051025391,0.000305176,-0.001220703,0.000305176,
2.53,2023-07-21,6:32:35 PM,1.050415039,0.000305176,-0.001220703,0.000305176,
2.54,2023-07-21,6:32:35 PM,1.049194336,0.000305176,-0.001220703,0.000305176,
2.55,2023-07-21,6:32:35 PM,1.047973633,0.000305176,-0.001220703,0.000305176,
2.56,2023-07-21,6:32:35 PM,1.047668457,0.000305176,-0.001220703,0.000305176,
2.57,2023-07-21,6:32:35 PM,1.047668457,0.000305176,-0.001220703,0.000305176,
2.58,2023-07-21,6:32:35 PM,1.047668457,0.000305176,-0.001220703,0.000305176,
2.59,2023-07-21,6:32:35 PM,1.048278809,0.000305176,-0.001220703,0.000305176,
2.6,2023-07-21,6:32:35 PM,1.04888916,0.000305176,-0.001220703,0.000305176,
2.61,2023-07-21,6:32:35 PM,1.049194336,0.000305176,-0.001220703,0,
2.62,2023-07-21,6:32:35 PM,1.049194336,0.000305176,-0.001220703,0,
2.63,2023-07-21,6:32:35 PM,1.04888916,0.000305176,-0.001220703,0,
2.64,2023-07-21,6:32:35 PM,1.047973633,0.000305176,-0.001220703,0,
2.65,2023-07-21,6:32:35 PM,1.047363281,0.000305176,-0.001220703,0,
2.66,2023-07-21,6:32:35 PM,1.047058105,0.000305176,-0.001220703,0,
2.67,2023-07-21,6:32:35 PM,1.047058105,0.000305176,-0.001220703,0,
2.68,2023-07-21,6:32:35 PM,1.04675293,0.000305176,-0.001220703,0,
2.69,2023-07-21,6:32:35 PM,1.047058105,0.000305176,-0.001220703,0.000305176,
2.7,2023-07-21,6:32:35 PM,1.047668457,0.000305176,-0.001220703,0.000305176,
2.71,2023-07-21,6:32:35 PM,1.048278809,0.000305176,-0.001220703,0.000305176,
2.72,2023-07-21,6:32:35 PM,1.048278809,0.000305176,-0.001220703,0.000305176,
2.73,2023-07-21,6:32:35 PM,1.047973633,0.000305176,-0.001220703,0.000305176,
2.74,2023-07-21,6:32:35 PM,1.047058105,0.000305176,-0.001220703,0.000305176,
2.75,2023-07-21,6:32:35 PM,1.046447754,0.000305176,-0.001220703,0.000305176,
2.76,2023-07-21,6:32:35 PM,1.046142578,0.000305176,-0.001220703,0.000305176,
2.77,2023-07-21,6:32:35 PM,1.046142578,0.000305176,-0.001220703,0.000305176,
2.78,2023-07-21,6:32:35 PM,1.045532227,0.000305176,-0.001220703,0.000305176,
2.79,2023-07-21,6:32:35 PM,1.045227051,0.000305176,-0.001220703,0,
2.8,2023-07-21,6:32:35 PM,1.045532227,0.000305176,-0.001220703,0,
2.81,2023-07-21,6:32:35 PM,1.045227051,0.000305176,-0.001220703,0,
2.82,2023-07-21,6:32:35 PM,1.045227051,0.000305176,-0.001220703,0,
2.83,2023-07-21,6:32:35 PM,1.045227051,0.000305176,-0.001220703,0,
2.84,2023-07-21,6:32:35 PM,1.045532227,0.000305176,-0.001220703,0,
2.85,2023-07-21,6:32:35 PM,1.045227051,0.000305176,-0.000915527,0,
2.86,2023-07-21,6:32:35 PM,1.044921875,0.000305176,-0.000915527,0,
2.87,2023-07-21,6:32:35 PM,1.044921875,0.000305176,-0.000915527,0,
2.88,2023-07-21,6:32:35 PM,1.044921875,0.000305176,-0.000915527,0,
2.89,2023-07-21,6:32:35 PM,1.044921875,0.000305176,-0.000915527,0,
2.9,2023-07-21,6:32:35 PM,1.044921875,0.000305176,-0.000915527,0.000305176,
2.91,2023-07-21,6:32:35 PM,1.044311523,0.000305176,-0.000915527,0.000305176,
2.92,2023-07-21,6:32:35 PM,1.043701172,0.000305176,-0.001220703,0,
2.93,2023-07-21,6:32:35 PM,1.043701172,0.000305176,-0.001220703,0,
2.94,2023-07-21,6:32:35 PM,1.043701172,0.000305176,-0.001220703,0,
2.95,2023-07-21,6:32:35 PM,1.043701172,0.000305176,-0.001220703,0,
2.96,2023-07-21,6:32:35 PM,1.044006348,0.000305176,-0.001220703,0,
2.97,2023-07-21,6:32:35 PM,1.044006348,0.000305176,-0.001220703,0.000305176,
2.98,2023-07-21,6:32:35 PM,1.044006348,0.000305176,-0.001220703,0.000305176,
2.99,2023-07-21,6:32:35 PM,1.044311523,0.000305176,-0.001220703,0.000305176,
3,2023-07-21,6:32:36 PM,1.044311523,0.000305176,-0.001220703,0.000305176,
3.01,2023-07-21,6:32:36 PM,1.043701172,0.000305176,-0.001220703,0.000305176,
3.02,2023-07-21,6:32:36 PM,1.042785645,0.000305176,-0.001220703,0.000305176,
3.03,2023-07-21,6:32:36 PM,1.042175293,0.000305176,-0.001220703,0.000305176,
3.04,2023-07-21,6:32:36 PM,1.041564941,0.000305176,-0.001220703,0.000305176,
3.05,2023-07-21,6:32:36 PM,1.04095459,0.000305176,-0.001220703,0.000305176,
3.06,2023-07-21,6:32:36 PM,1.041564941,0.000305176,-0.001220703,0,
3.07,2023-07-21,6:32:36 PM,1.042175293,0.000305176,-0.001220703,0,
3.08,2023-07-21,6:32:36 PM,1.042785645,0.000305176,-0.001220703,0,
3.09,2023-07-21,6:32:36 PM,1.043395996,0.000305176,-0.001220703,0,
3.1,2023-07-21,6:32:36 PM,1.043395996,0.000305176,-0.001220703,0,
3.11,2023-07-21,6:32:36 PM,1.042785645,0.000305176,-0.001220703,0,
3.12,2023-07-21,6:32:36 PM,1.042175293,0.000305176,-0.001220703,0,
3.13,2023-07-21,6:32:36 PM,1.041564941,0.000305176,-0.001220703,0.000305176,
3.14,2023-07-21,6:32:36 PM,1.04095459,0.000305176,-0.001220703,0.000305176,
3.15,2023-07-21,6:32:36 PM,1.040344238,0.000305176,-0.001220703,0.000305176,
3.16,2023-07-21,6:32:36 PM,1.040344238,0.000305176,-0.001220703,0.000305176,
3.17,2023-07-21,6:32:36 PM,1.041259766,0.000305176,-0.001220703,0.000305176,
3.18,2023-07-21,6:32:36 PM,1.042175293,0.000305176,-0.001220703,0.000305176,
3.19,2023-07-21,6:32:36 PM,1.04309082,0.000305176,-0.001220703,0.000305176,
3.2,2023-07-21,6:32:36 PM,1.043395996,0.000305176,-0.001220703,0.000305176,
3.21,2023-07-21,6:32:36 PM,1.043701172,0.000305176,-0.001220703,0.000305176,
3.22,2023-07-21,6:32:36 PM,1.043395996,0.000305176,-0.001220703,0.000305176,
3.23,2023-07-21,6:32:36 PM,1.042785645,0.000305176,-0.001220703,0.000305176,
3.24,2023-07-21,6:32:36 PM,1.041870117,0.000305176,-0.001220703,0.000305176,
3.25,2023-07-21,6:32:36 PM,1.041259766,0.000305176,-0.001220703,0.000305176,
3.26,2023-07-21,6:32:36 PM,1.04095459,0.000305176,-0.001220703,0.000305176,
3.27,2023-07-21,6:32:36 PM,1.04095459,0.000305176,-0.001220703,0.000305176,
3.28,2023-07-21,6:32:36 PM,1.041259766,0.000305176,-0.000915527,0.000305176,
3.29,2023-07-21,6:32:36 PM,1.041564941,0.000305176,-0.000915527,0.000305176,
3.3,2023-07-21,6:32:36 PM,1.042175293,0.000305176,-0.000915527,0.000305176,
3.31,2023-07-21,6:32:36 PM,1.042480469,0.000305176,-0.000915527,0.000305176,
3.32,2023-07-21,6:32:36 PM,1.042480469,0.000305176,-0.000915527,0.000305176,
3.33,2023-07-21,6:32:36 PM,1.042480469,0.000305176,-0.000915527,0.000305176,
3.34,2023-07-21,6:32:36 PM,1.041564941,0.000305176,-0.001220703,0.000305176,
3.35,2023-07-21,6:32:36 PM,1.040649414,0.000305176,-0.001220703,0.000305176,
3.36,2023-07-21,6:32:36 PM,1.040039063,0.000305176,-0.001220703,0.000305176,
3.37,2023-07-21,6:32:36 PM,1.039123535,0.000305176,-0.001220703,0.000305176,
3.38,2023-07-21,6:32:36 PM,1.039123535,0.000305176,-0.001220703,0.000305176,
3.39,2023-07-21,6:32:36 PM,1.039733887,0.000305176,-0.001220703,0.000305176,
3.4,2023-07-21,6:32:36 PM,1.040344238,0.000305176,-0.001220703,0.000305176,
3.41,2023-07-21,6:32:36 PM,1.040344238,0.000305176,-0.001220703,0,
3.42,2023-07-21,6:32:36 PM,1.040344238,0.000305176,-0.001220703,0,
3.43,2023-07-21,6:32:36 PM,1.040344238,0.000305176,-0.000915527,0,
3.44,2023-07-21,6:32:36 PM,1.039733887,0.000305176,-0.001220703,0,
3.45,2023-07-21,6:32:36 PM,1.038513184,0.000305176,-0.001220703,0,
3.46,2023-07-21,6:32:36 PM,1.037597656,0.000305176,-0.001220703,0,
3.47,2023-07-21,6:32:36 PM,1.03729248,0.000305176,-0.001220703,0,
3.48,2023-07-21,6:32:36 PM,1.036987305,0.000305176,-0.001220703,0.000305176,
3.49,2023-07-21,6:32:36 PM,1.037597656,0.000305176,-0.001220703,0.000305176,
3.5,2023-07-21,6:32:36 PM,1.038208008,0.000305176,-0.001220703,0.000305176,
3.51,2023-07-21,6:32:36 PM,1.038513184,0.000305176,-0.001220703,0.000305176,
3.52,2023-07-21,6:32:36 PM,1.038513184,0.000305176,-0.001220703,0.000305176,
3.53,2023-07-21,6:32:36 PM,1.038818359,0.000305176,-0.001220703,0.000305176,
3.54,2023-07-21,6:32:36 PM,1.038513184,0.000305176,-0.001220703,0,
3.55,2023-07-21,6:32:36 PM,1.038208008,0.000305176,-0.001220703,0,
3.56,2023-07-21,6:32:36 PM,1.038208008,0.000305176,-0.001220703,0,
3.57,2023-07-21,6:32:36 PM,1.037902832,0.000610352,-0.001220703,0,
3.58,2023-07-21,6:32:36 PM,1.037597656,0.000610352,-0.001220703,0,
3.59,2023-07-21,6:32:36 PM,1.03729248,0.000610352,-0.001220703,0,
3.6,2023-07-21,6:32:36 PM,1.03729248,0.000610352,-0.001220703,0.000305176,
3.61,2023-07-21,6:32:36 PM,1.037597656,0.000305176,-0.001220703,0,
3.62,2023-07-21,6:32:36 PM,1.037902832,0.000305176,-0.001220703,0,
3.63,2023-07-21,6:32:36 PM,1.038513184,0.000305176,-0.001220703,0,
3.64,2023-07-21,6:32:36 PM,1.039123535,0.000305176,-0.001220703,0,
3.65,2023-07-21,6:32:36 PM,1.040039063,0.000305176,-0.001220703,0,
3.66,2023-07-21,6:32:36 PM,1.040039063,0.000305176,-0.001220703,0,
3.67,2023-07-21,6:32:36 PM,1.039733887,0.000305176,-0.001220703,0,
3.68,2023-07-21,6:32:36 PM,1.039123535,0.000610352,-0.001220703,0.000305176,
3.69,2023-07-21,6:32:36 PM,1.038208008,0.000305176,-0.001220703,0.000305176,
3.7,2023-07-21,6:32:36 PM,1.037597656,0.000305176,-0.001220703,0.000305176,
3.71,2023-07-21,6:32:36 PM,1.03729248,0.000305176,-0.001220703,0.000305176,
3.72,2023-07-21,6:32:36 PM,1.03729248,0.000305176,-0.001220703,0.000305176,
3.73,2023-07-21,6:32:36 PM,1.037597656,0.000305176,-0.000915527,0.000305176,
3.74,2023-07-21,6:32:36 PM,1.038513184,0.000305176,-0.000915527,0,
3.75,2023-07-21,6:32:36 PM,1.039123535,0.000305176,-0.000915527,0,
3.76,2023-07-21,6:32:36 PM,1.039123535,0.000305176,-0.000915527,0,
3.77,2023-07-21,6:32:36 PM,1.039123535,0.000305176,-0.000915527,0,
3.78,2023-07-21,6:32:36 PM,1.038818359,0.000305176,-0.001220703,0,
3.79,2023-07-21,6:32:36 PM,1.037902832,0.000305176,-0.001220703,0.000305176,
3.8,2023-07-21,6:32:36 PM,1.03729248,0.000610352,-0.001220703,0.000305176,
3.81,2023-07-21,6:32:36 PM,1.036682129,0.000305176,-0.001220703,0.000305176,
3.82,2023-07-21,6:32:36 PM,1.036682129,0.000305176,-0.001220703,0.000305176,
3.83,2023-07-21,6:32:36 PM,1.036682129,0.000305176,-0.001220703,0.000305176,
3.84,2023-07-21,6:32:36 PM,1.036682129,0.000305176,-0.001220703,0.000305176,
3.85,2023-07-21,6:32:36 PM,1.036987305,0.000305176,-0.001220703,0.000305176,
3.86,2023-07-21,6:32:36 PM,1.037597656,0.000305176,-0.001220703,0.000305176,
3.87,2023-07-21,6:32:36 PM,1.037902832,0.000305176,-0.001220703,0.000305176,
3.88,2023-07-21,6:32:36 PM,1.037597656,0.000305176,-0.001220703,0.000305176,
3.89,2023-07-21,6:32:36 PM,1.036376953,0.000305176,-0.001220703,0,
3.9,2023-07-21,6:32:36 PM,1.035461426,0.000305176,-0.001220703,0,
3.91,2023-07-21,6:32:36 PM,1.035461426,0.000305176,-0.001220703,0,
3.92,2023-07-21,6:32:36 PM,1.03515625,0.000305176,-0.001220703,0,
3.93,2023-07-21,6:32:36 PM,1.034851074,0.000305176,-0.001220703,0,
3.94,2023-07-21,6:32:36 PM,1.034851074,0.000305176,-0.001220703,0,
3.95,2023-07-21,6:32:36 PM,1.03515625,0.000305176,-0.001220703,0,
3.96,2023-07-21,6:32:36 PM,1.036071777,0.000305176,-0.001220703,0,
3.97,2023-07-21,6:32:36 PM,1.03729248,0.000305176,-0.001220703,0,
3.98,2023-07-21,6:32:36 PM,1.038208008,0.000305176,-0.001220703,0,
3.99,2023-07-21,6:32:36 PM,1.038513184,0.000305176,-0.001220703,0,
4,2023-07-21,6:32:37 PM,1.037597656,0.000305176,-0.001220703,0.000305176,
4.01,2023-07-21,6:32:37 PM,1.036376953,0.000305176,-0.001220703,0.000305176,
4.02,2023-07-21,6:32:37 PM,1.03515625,0.000305176,-0.001220703,0.000305176,
4.03,2023-07-21,6:32:37 PM,1.034240723,0.000305176,-0.000915527,0.000305176,
4.04,2023-07-21,6:32:37 PM,1.033935547,0.000305176,-0.000915527,0,
4.05,2023-07-21,6:32:37 PM,1.034240723,0.000305176,-0.000915527,0,
4.06,2023-07-21,6:32:37 PM,1.03515625,0.000305176,-0.000915527,0,
4.07,2023-07-21,6:32:37 PM,1.036071777,0.000305176,-0.001220703,0,
4.08,2023-07-21,6:32:37 PM,1.036987305,0.000305176,-0.001220703,0,
4.09,2023-07-21,6:32:37 PM,1.036987305,0.000305176,-0.001220703,0,
4.1,2023-07-21,6:32:37 PM,1.036376953,0.000305176,-0.001220703,0,
4.11,2023-07-21,6:32:37 PM,1.034851074,0.000305176,-0.001220703,0,
4.12,2023-07-21,6:32:37 PM,1.032714844,0.000305176,-0.001220703,0,
4.13,2023-07-21,6:32:37 PM,1.031188965,0.000305176,-0.001220703,0.000305176,
4.14,2023-07-21,6:32:37 PM,1.030273438,0.000305176,-0.001220703,0.000305176,
4.15,2023-07-21,6:32:37 PM,1.030273438,0.000305176,-0.001220703,0.000305176,
4.16,2023-07-21,6:32:37 PM,1.030578613,0.000305176,-0.001220703,0.000305176,
4.17,2023-07-21,6:32:37 PM,1.031188965,0.000305176,-0.001220703,0,
4.18,2023-07-21,6:32:37 PM,1.032409668,0.000305176,-0.001220703,0,
4.19,2023-07-21,6:32:37 PM,1.033630371,0.000305176,-0.001220703,0,
4.2,2023-07-21,6:32:37 PM,1.033630371,0.000305176,-0.000915527,0,
4.21,2023-07-21,6:32:37 PM,1.033630371,0.000305176,-0.001220703,0,
4.22,2023-07-21,6:32:37 PM,1.033325195,0.000305176,-0.001220703,0,
4.23,2023-07-21,6:32:37 PM,1.032409668,0.000305176,-0.001220703,0.000305176,
4.24,2023-07-21,6:32:37 PM,1.031799316,0.000305176,-0.001220703,0.000305176,
4.25,2023-07-21,6:32:37 PM,1.030883789,0.000305176,-0.001220703,0.000305176,
4.26,2023-07-21,6:32:37 PM,1.030883789,0.000305176,-0.001220703,0.000305176,
4.27,2023-07-21,6:32:37 PM,1.030883789,0.000305176,-0.001220703,0.000305176,
4.28,2023-07-21,6:32:37 PM,1.031188965,0.000305176,-0.001220703,0.000305176,
4.29,2023-07-21,6:32:37 PM,1.031799316,0.000305176,-0.000915527,0.000305176,
4.3,2023-07-21,6:32:37 PM,1.032409668,0.000305176,-0.000915527,0.000305176,
4.31,2023-07-21,6:32:37 PM,1.032409668,0.000305176,-0.000915527,0.000305176,
4.32,2023-07-21,6:32:37 PM,1.031799316,0.000305176,-0.001220703,0.000305176,
4.33,2023-07-21,6:32:37 PM,1.030578613,0.000305176,-0.001220703,0.000305176,
4.34,2023-07-21,6:32:37 PM,1.02935791,0.000305176,-0.001220703,0.000305176,
4.35,2023-07-21,6:32:37 PM,1.028747559,0.000305176,-0.001220703,0.000305176,
4.36,2023-07-21,6:32:37 PM,1.028747559,0.000305176,-0.001220703,0.000305176,
4.37,2023-07-21,6:32:37 PM,1.029663086,0.000305176,-0.001220703,0.000305176,
4.38,2023-07-21,6:32:37 PM,1.030578613,0.000305176,-0.001220703,0.000305176,
4.39,2023-07-21,6:32:37 PM,1.031188965,0.000305176,-0.001220703,0.000305176,
4.4,2023-07-21,6:32:37 PM,1.031494141,0.000305176,-0.001220703,0,
4.41,2023-07-21,6:32:37 PM,1.030883789,0.000305176,-0.001220703,0,
4.42,2023-07-21,6:32:37 PM,1.029663086,0.000305176,-0.001220703,0,
4.43,2023-07-21,6:32:37 PM,1.028747559,0.000305176,-0.001220703,0,
4.44,2023-07-21,6:32:37 PM,1.028137207,0.000305176,-0.001220703,0,
4.45,2023-07-21,6:32:37 PM,1.027832031,0.000305176,-0.001220703,0.000305176,
4.46,2023-07-21,6:32:37 PM,1.028442383,0.000305176,-0.001220703,0.000305176,
4.47,2023-07-21,6:32:37 PM,1.029052734,0.000305176,-0.001220703,0.000305176,
4.48,2023-07-21,6:32:37 PM,1.029663086,0.000305176,-0.001220703,0.000305176,
4.49,2023-07-21,6:32:37 PM,1.029663086,0.000305176,-0.000915527,0.000305176,
4.5,2023-07-21,6:32:37 PM,1.02935791,0.000305176,-0.000915527,0.000305176,
4.51,2023-07-21,6:32:37 PM,1.028747559,0.000305176,-0.001220703,0.000305176,
4.52,2023-07-21,6:32:37 PM,1.028137207,0.000305176,-0.001220703,0.000305176,
4.53,2023-07-21,6:32:37 PM,1.028137207,0.000305176,-0.001220703,0.000305176,
4.54,2023-07-21,6:32:37 PM,1.028137207,0.000305176,-0.001220703,0.000305176,
4.55,2023-07-21,6:32:37 PM,1.028137207,0.000305176,-0.001220703,0,
4.56,2023-07-21,6:32:37 PM,1.028137207,0.000305176,-0.001220703,0,
4.57,2023-07-21,6:32:37 PM,1.028137207,0.000305176,-0.001220703,0,
4.58,2023-07-21,6:32:37 PM,1.028137207,0.000305176,-0.001220703,0,
4.59,2023-07-21,6:32:37 PM,1.028137207,0.000305176,-0.001220703,0,
4.6,2023-07-21,6:32:37 PM,1.028137207,0.000305176,-0.000915527,0,
4.61,2023-07-21,6:32:37 PM,1.028137207,0.000305176,-0.000915527,0.000305176,
4.62,2023-07-21,6:32:37 PM,1.028137207,0.000305176,-0.001220703,0.000305176,
4.63,2023-07-21,6:32:37 PM,1.027832031,0.000305176,-0.001220703,0.000305176,
4.64,2023-07-21,6:32:37 PM,1.027832031,0.000305176,-0.001220703,0.000305176,
4.65,2023-07-21,6:32:37 PM,1.027526855,0.000305176,-0.001220703,0,
4.66,2023-07-21,6:32:37 PM,1.026916504,0.000305176,-0.001220703,0,
4.67,2023-07-21,6:32:37 PM,1.026916504,0.000305176,-0.001220703,0,
4.68,2023-07-21,6:32:37 PM,1.026916504,0.000305176,-0.001220703,0,
4.69,2023-07-21,6:32:37 PM,1.026916504,0.000305176,-0.001220703,0,
4.7,2023-07-21,6:32:37 PM,1.027526855,0.000305176,-0.001220703,0.000305176,
4.71,2023-07-21,6:32:37 PM,1.027526855,0.000305176,-0.001220703,0.000305176,
4.72,2023-07-21,6:32:37 PM,1.027526855,0.000305176,-0.001220703,0.000305176,
4.73,2023-07-21,6:32:37 PM,1.02722168,0.000305176,-0.001220703,0.000305176,
4.74,2023-07-21,6:32:37 PM,1.026306152,0.000305176,-0.001220703,0.000305176,
4.75,2023-07-21,6:32:37 PM,1.026000977,0.000305176,-0.001220703,0.000305176,
4.76,2023-07-21,6:32:37 PM,1.025695801,0.000305176,-0.000915527,0.000305176,
4.77,2023-07-21,6:32:37 PM,1.025695801,0.000305176,-0.000915527,0.000305176,
4.78,2023-07-21,6:32:37 PM,1.025695801,0.000305176,-0.001220703,0.000305176,
4.79,2023-07-21,6:32:37 PM,1.026306152,0.000305176,-0.001220703,0.000305176,
4.8,2023-07-21,6:32:37 PM,1.026306152,0.000305176,-0.001220703,0.000305176,
4.81,2023-07-21,6:32:37 PM,1.026306152,0.000305176,-0.001220703,0.000305176,
4.82,2023-07-21,6:32:37 PM,1.026000977,0.000305176,-0.001220703,0.000305176,
4.83,2023-07-21,6:32:37 PM,1.025390625,0.000305176,-0.001220703,0.000305176,
4.84,2023-07-21,6:32:37 PM,1.025085449,0.000305176,-0.001220703,0.000305176,
4.85,2023-07-21,6:32:37 PM,1.025085449,0.000305176,-0.001220703,0.000305176,
4.86,2023-07-21,6:32:37 PM,1.025390625,0.000305176,-0.001220703,0.000305176,
4.87,2023-07-21,6:32:37 PM,1.025695801,0.000305176,-0.001220703,0.000305176,
4.88,2023-07-21,6:32:37 PM,1.026000977,0.000305176,-0.001220703,0.000305176,
4.89,2023-07-21,6:32:37 PM,1.025695801,0.000305176,-0.001220703,0.000305176,
4.9,2023-07-21,6:32:37 PM,1.025085449,0.000305176,-0.001220703,0.000305176,
4.91,2023-07-21,6:32:37 PM,1.024780273,0.000305176,-0.001220703,0.000305176,
4.92,2023-07-21,6:32:37 PM,1.024475098,0.000305176,-0.001220703,0.000305176,
4.93,2023-07-21,6:32:37 PM,1.024475098,0.000305176,-0.001220703,0.000305176,
4.94,2023-07-21,6:32:37 PM,1.024475098,0.000305176,-0.001220703,0.000305176,
4.95,2023-07-21,6:32:37 PM,1.024780273,0.000305176,-0.001220703,0.000305176,
4.96,2023-07-21,6:32:37 PM,1.025085449,0.000305176,-0.001220703,0.000305176,
4.97,2023-07-21,6:32:37 PM,1.025085449,0.000305176,-0.001220703,0.000305176,
4.98,2023-07-21,6:32:37 PM,1.024780273,0.000305176,-0.001220703,0,
4.99,2023-07-21,6:32:37 PM,1.024169922,0.000305176,-0.001220703,0,
5,2023-07-21,6:32:38 PM,1.023864746,0.000305176,-0.001220703,0,
5.01,2023-07-21,6:32:38 PM,1.02355957,0.000305176,-0.001220703,0,
5.02,2023-07-21,6:32:38 PM,1.02355957,0.000305176,-0.001220703,0,
5.03,2023-07-21,6:32:38 PM,1.023864746,0.000305176,-0.001220703,0,
5.04,2023-07-21,6:32:38 PM,1.024475098,0.000305176,-0.001220703,0,
5.05,2023-07-21,6:32:38 PM,1.024780273,0.000305176,-0.001220703,0,
5.06,2023-07-21,6:32:38 PM,1.024780273,0.000305176,-0.001220703,0.000305176,
5.07,2023-07-21,6:32:38 PM,1.024475098,0.000305176,-0.001220703,0.000305176,
5.08,2023-07-21,6:32:38 PM,1.024169922,0.000305176,-0.001220703,0.000305176,
5.09,2023-07-21,6:32:38 PM,1.023864746,0.000305176,-0.001220703,0.000305176,
5.1,2023-07-21,6:32:38 PM,1.023864746,0.000305176,-0.001220703,0.000305176,
5.11,2023-07-21,6:32:38 PM,1.023864746,0.000305176,-0.001220703,0.000610352,
5.12,2023-07-21,6:32:38 PM,1.023864746,0.000305176,-0.001220703,0.000610352,
5.13,2023-07-21,6:32:38 PM,1.023864746,0.000305176,-0.001220703,0.000610352,
5.14,2023-07-21,6:32:38 PM,1.023864746,0.000305176,-0.001220703,0.000610352,
5.15,2023-07-21,6:32:38 PM,1.023864746,0.000305176,-0.001220703,0.000610352,
5.16,2023-07-21,6:32:38 PM,1.023864746,0.000305176,-0.001220703,0.000610352,
5.17,2023-07-21,6:32:38 PM,1.024169922,0.000305176,-0.001220703,0.000610352,
5.18,2023-07-21,6:32:38 PM,1.024169922,0.000305176,-0.001220703,0.000305176,
5.19,2023-07-21,6:32:38 PM,1.024169922,0.000305176,-0.000915527,0.000305176,
5.2,2023-07-21,6:32:38 PM,1.023864746,0.000305176,-0.000915527,0.000305176,
5.21,2023-07-21,6:32:38 PM,1.02355957,0.000305176,-0.000915527,0.000305176,
5.22,2023-07-21,6:32:38 PM,1.022949219,0.000305176,-0.001220703,0.000305176,
5.23,2023-07-21,6:32:38 PM,1.022644043,0.000305176,-0.001220703,0.000305176,
5.24,2023-07-21,6:32:38 PM,1.022644043,0.000305176,-0.001220703,0.000305176,
5.25,2023-07-21,6:32:38 PM,1.022949219,0.000305176,-0.001220703,0.000305176,
5.26,2023-07-21,6:32:38 PM,1.02355957,0.000305176,-0.001220703,0.000305176,
5.27,2023-07-21,6:32:38 PM,1.023864746,0.000305176,-0.001220703,0.000305176,
5.28,2023-07-21,6:32:38 PM,1.024169922,0.000305176,-0.001220703,0.000305176,
5.29,2023-07-21,6:32:38 PM,1.024169922,0.000305176,-0.001220703,0.000305176,
5.3,2023-07-21,6:32:38 PM,1.02355957,0.000305176,-0.001220703,0.000305176,
5.31,2023-07-21,6:32:38 PM,1.022949219,0.000305176,-0.001220703,0.000305176,
5.32,2023-07-21,6:32:38 PM,1.022033691,0.000305176,-0.001220703,0.000305176,
5.33,2023-07-21,6:32:38 PM,1.021728516,0.000305176,-0.001220703,0.000305176,
5.34,2023-07-21,6:32:38 PM,1.021728516,0.000305176,-0.001220703,0.000305176,
5.35,2023-07-21,6:32:38 PM,1.022644043,0.000305176,-0.000915527,0,
5.36,2023-07-21,6:32:38 PM,1.023254395,0.000305176,-0.000915527,0,
5.37,2023-07-21,6:32:38 PM,1.02355957,0.000305176,-0.000915527,0,
5.38,2023-07-21,6:32:38 PM,1.023864746,0.000305176,-0.001220703,0,
5.39,2023-07-21,6:32:38 PM,1.02355957,0.000305176,-0.001220703,0,
5.4,2023-07-21,6:32:38 PM,1.022949219,0.000305176,-0.001220703,0,
5.41,2023-07-21,6:32:38 PM,1.022338867,0.000305176,-0.001220703,0.000305176,
5.42,2023-07-21,6:32:38 PM,1.021728516,0.000305176,-0.001220703,0.000305176,
5.43,2023-07-21,6:32:38 PM,1.021728516,0.000305176,-0.001220703,0.000305176,
5.44,2023-07-21,6:32:38 PM,1.021728516,0.000305176,-0.001220703,0.000305176,
5.45,2023-07-21,6:32:38 PM,1.022033691,0.000305176,-0.001220703,0.000305176,
5.46,2023-07-21,6:32:38 PM,1.022644043,0.000305176,-0.001220703,0.000305176,
5.47,2023-07-21,6:32:38 PM,1.022949219,0.000305176,-0.001220703,0.000305176,
5.48,2023-07-21,6:32:38 PM,1.022949219,0.000305176,-0.001220703,0.000305176,
5.49,2023-07-21,6:32:38 PM,1.022949219,0.000305176,-0.001220703,0.000305176,
5.5,2023-07-21,6:32:38 PM,1.022338867,0.000305176,-0.000915527,0.000305176,
5.51,2023-07-21,6:32:38 PM,1.022338867,0.000305176,-0.000915527,0.000305176,
5.52,2023-07-21,6:32:38 PM,1.022033691,0.000305176,-0.001220703,0.000305176,
5.53,2023-07-21,6:32:38 PM,1.021728516,0.000305176,-0.001220703,0.000305176,
5.54,2023-07-21,6:32:38 PM,1.021728516,0.000305176,-0.001220703,0,
5.55,2023-07-21,6:32:38 PM,1.021728516,0.000305176,-0.001220703,0,
5.56,2023-07-21,6:32:38 PM,1.021728516,0.000305176,-0.001220703,0,
5.57,2023-07-21,6:32:38 PM,1.022033691,0.000305176,-0.001220703,0,
5.58,2023-07-21,6:32:38 PM,1.022338867,0.000305176,-0.001220703,0,
5.59,2023-07-21,6:32:38 PM,1.022644043,0.000305176,-0.001220703,0,
5.6,2023-07-21,6:32:38 PM,1.022644043,0.000305176,-0.001220703,0,
5.61,2023-07-21,6:32:38 PM,1.022338867,0.000305176,-0.001220703,0,
5.62,2023-07-21,6:32:38 PM,1.022033691,0.000305176,-0.001220703,0,
5.63,2023-07-21,6:32:38 PM,1.02142334,0.000305176,-0.001220703,0,
5.64,2023-07-21,6:32:38 PM,1.020812988,0.000305176,-0.001220703,0.000305176,
5.65,2023-07-21,6:32:38 PM,1.020812988,0.000305176,-0.000915527,0.000305176,
5.66,2023-07-21,6:32:38 PM,1.021118164,0.000305176,-0.000915527,0.000305176,
5.67,2023-07-21,6:32:38 PM,1.021728516,0.000305176,-0.000915527,0.000305176,
5.68,2023-07-21,6:32:38 PM,1.022338867,0.000305176,-0.000915527,0.000305176,
5.69,2023-07-21,6:32:38 PM,1.022644043,0.000305176,-0.000915527,0.000305176,
5.7,2023-07-21,6:32:38 PM,1.022644043,0.000305176,-0.000915527,0.000305176,
5.71,2023-07-21,6:32:38 PM,1.022338867,0.000305176,-0.001220703,0.000305176,
5.72,2023-07-21,6:32:38 PM,1.021728516,0.000305176,-0.001220703,0.000305176,
5.73,2023-07-21,6:32:38 PM,1.021118164,0.000305176,-0.001220703,0.000305176,
5.74,2023-07-21,6:32:38 PM,1.021118164,0.000305176,-0.001220703,0,
5.75,2023-07-21,6:32:38 PM,1.021118164,0.000305176,-0.001220703,0,
5.76,2023-07-21,6:32:38 PM,1.021118164,0.000305176,-0.001220703,0,
5.77,2023-07-21,6:32:38 PM,1.021728516,0.000305176,-0.000915527,0,
5.78,2023-07-21,6:32:38 PM,1.022033691,0.000305176,-0.001220703,0,
5.79,2023-07-21,6:32:38 PM,1.022033691,0.000305176,-0.001220703,0,
5.8,2023-07-21,6:32:38 PM,1.021728516,0.000305176,-0.001220703,0,
5.81,2023-07-21,6:32:38 PM,1.02142334,0.000305176,-0.001220703,0.000305176,
5.82,2023-07-21,6:32:38 PM,1.02142334,0.000305176,-0.001220703,0.000305176,
5.83,2023-07-21,6:32:38 PM,1.02142334,0.000305176,-0.001220703,0.000305176,
5.84,2023-07-21,6:32:38 PM,1.02142334,0.000305176,-0.001220703,0.000305176,
5.85,2023-07-21,6:32:38 PM,1.02142334,0.000305176,-0.001220703,0.000305176,
5.86,2023-07-21,6:32:38 PM,1.02142334,0.000305176,-0.001220703,0.000305176,
5.87,2023-07-21,6:32:38 PM,1.02142334,0.000305176,-0.001220703,0.000305176,
5.88,2023-07-21,6:32:38 PM,1.02142334,0.000305176,-0.001220703,0.000305176,
5.89,2023-07-21,6:32:38 PM,1.02142334,0.000305176,-0.001220703,0.000305176,
5.9,2023-07-21,6:32:38 PM,1.02142334,0.000305176,-0.001220703,0.000305176,
5.91,2023-07-21,6:32:38 PM,1.02142334,0.000305176,-0.001220703,0.000305176,
5.92,2023-07-21,6:32:38 PM,1.02142334,0.000305176,-0.001220703,0.000305176,
5.93,2023-07-21,6:32:38 PM,1.021118164,0.000305176,-0.001220703,0.000305176,
5.94,2023-07-21,6:32:38 PM,1.020812988,0.000305176,-0.001220703,0.000305176,
5.95,2023-07-21,6:32:38 PM,1.020507813,0.000305176,-0.000915527,0.000305176,
5.96,2023-07-21,6:32:38 PM,1.020507813,0.000305176,-0.000915527,0.000305176,
5.97,2023-07-21,6:32:38 PM,1.020507813,0.000305176,-0.001220703,0.000305176,
5.98,2023-07-21,6:32:38 PM,1.020507813,0.000305176,-0.001220703,0.000305176,
5.99,2023-07-21,6:32:38 PM,1.020812988,0.000305176,-0.001220703,0.000305176,
6,2023-07-21,6:32:39 PM,1.020812988,0.000305176,-0.001220703,0.000305176,
6.01,2023-07-21,6:32:39 PM,1.020812988,0.000305176,-0.001220703,0.000305176,
6.02,2023-07-21,6:32:39 PM,1.020507813,0.000305176,-0.001220703,0.000305176,
6.03,2023-07-21,6:32:39 PM,1.020507813,0.000305176,-0.001220703,0.000305176,
6.04,2023-07-21,6:32:39 PM,1.019897461,0.000305176,-0.001220703,0.000305176,
6.05,2023-07-21,6:32:39 PM,1.019897461,0.000305176,-0.001220703,0.000305176,
6.06,2023-07-21,6:32:39 PM,1.019897461,0.000305176,-0.001220703,0.000305176,
6.07,2023-07-21,6:32:39 PM,1.019897461,0.000305176,-0.000915527,0.000305176,
6.08,2023-07-21,6:32:39 PM,1.019897461,0.000305176,-0.001220703,0,
6.09,2023-07-21,6:32:39 PM,1.020507813,0.000305176,-0.001220703,0,
6.1,2023-07-21,6:32:39 PM,1.020507813,0.000305176,-0.001220703,0,
6.11,2023-07-21,6:32:39 PM,1.020507813,0.000305176,-0.001220703,0,
6.12,2023-07-21,6:32:39 PM,1.019897461,0.000305176,-0.001220703,0,
6.13,2023-07-21,6:32:39 PM,1.019592285,0.000305176,-0.001220703,0,
6.14,2023-07-21,6:32:39 PM,1.019592285,0.000305176,-0.001220703,0.000305176,
6.15,2023-07-21,6:32:39 PM,1.019592285,0.000305176,-0.001220703,0.000305176,
6.16,2023-07-21,6:32:39 PM,1.019592285,0.000305176,-0.001220703,0.000305176,
6.17,2023-07-21,6:32:39 PM,1.019897461,0.000305176,-0.001220703,0.000305176,
6.18,2023-07-21,6:32:39 PM,1.020507813,0.000305176,-0.001220703,0.000305176,
6.19,2023-07-21,6:32:39 PM,1.019897461,0.000305176,-0.001220703,0.000305176,
6.2,2023-07-21,6:32:39 PM,1.019592285,0.000305176,-0.001220703,0.000305176,
6.21,2023-07-21,6:32:39 PM,1.019592285,0.000305176,-0.001220703,0.000305176,
6.22,2023-07-21,6:32:39 PM,1.019592285,0.000305176,-0.001220703,0.000305176,
6.23,2023-07-21,6:32:39 PM,1.019592285,0.000305176,-0.001220703,0.000305176,
6.24,2023-07-21,6:32:39 PM,1.019592285,0.000305176,-0.001220703,0.000305176,
6.25,2023-07-21,6:32:39 PM,1.019897461,0.000305176,-0.001220703,0.000305176,
6.26,2023-07-21,6:32:39 PM,1.019897461,0.000305176,-0.001220703,0.000305176,
6.27,2023-07-21,6:32:39 PM,1.019897461,0.000305176,-0.000915527,0.000305176,
6.28,2023-07-21,6:32:39 PM,1.019592285,0.000305176,-0.000915527,0,
6.29,2023-07-21,6:32:39 PM,1.019287109,0.000305176,-0.000915527,0,
6.3,2023-07-21,6:32:39 PM,1.018981934,0.000305176,-0.000915527,0,
6.31,2023-07-21,6:32:39 PM,1.018981934,0.000305176,-0.001220703,0,
6.32,2023-07-21,6:32:39 PM,1.018981934,0.000305176,-0.001220703,0,
6.33,2023-07-21,6:32:39 PM,1.018981934,0.000305176,-0.001220703,0,
6.34,2023-07-21,6:32:39 PM,1.019287109,0.000305176,-0.001220703,0,
6.35,2023-07-21,6:32:39 PM,1.019287109,0.000305176,-0.001220703,0,
6.36,2023-07-21,6:32:39 PM,1.019287109,0.000305176,-0.001220703,0.000305176,
6.37,2023-07-21,6:32:39 PM,1.019287109,0.000305176,-0.001220703,0.000305176,
6.38,2023-07-21,6:32:39 PM,1.018981934,0.000305176,-0.001220703,0.000305176,
6.39,2023-07-21,6:32:39 PM,1.018981934,0.000305176,-0.001220703,0.000305176,
6.4,2023-07-21,6:32:39 PM,1.018981934,0.000305176,-0.001220703,0.000305176,
6.41,2023-07-21,6:32:39 PM,1.018981934,0.000305176,-0.001220703,0.000305176,
6.42,2023-07-21,6:32:39 PM,1.018981934,0.000305176,-0.001220703,0.000305176,
6.43,2023-07-21,6:32:39 PM,1.018981934,0.000305176,-0.001220703,0.000305176,
6.44,2023-07-21,6:32:39 PM,1.018981934,0.000305176,-0.001220703,0.000305176,
6.45,2023-07-21,6:32:39 PM,1.018981934,0.000305176,-0.001220703,0.000305176,
6.46,2023-07-21,6:32:39 PM,1.018981934,0.000305176,-0.001220703,0.000305176,
6.47,2023-07-21,6:32:39 PM,1.018981934,0.000305176,-0.001220703,0.000305176,
6.48,2023-07-21,6:32:39 PM,1.018981934,0.000305176,-0.001220703,0,
6.49,2023-07-21,6:32:39 PM,1.018676758,0.000305176,-0.001220703,0,
6.5,2023-07-21,6:32:39 PM,1.018371582,0.000305176,-0.001220703,0,
6.51,2023-07-21,6:32:39 PM,1.018371582,0.000305176,-0.001220703,0,
6.52,2023-07-21,6:32:39 PM,1.018371582,0.000305176,-0.001220703,0,
6.53,2023-07-21,6:32:39 PM,1.018371582,0.000305176,-0.001220703,0,
6.54,2023-07-21,6:32:39 PM,1.018371582,0.000305176,-0.001220703,0,
6.55,2023-07-21,6:32:39 PM,1.018676758,0.000305176,-0.001220703,0.000305176,
6.56,2023-07-21,6:32:39 PM,1.018676758,0.000305176,-0.001220703,0.000305176,
6.57,2023-07-21,6:32:39 PM,1.018981934,0.000305176,-0.001220703,0.000305176,
6.58,2023-07-21,6:32:39 PM,1.018676758,0.000305176,-0.001220703,0.000305176,
6.59,2023-07-21,6:32:39 PM,1.018371582,0.000305176,-0.001220703,0.000305176,
6.6,2023-07-21,6:32:39 PM,1.018066406,0.000305176,-0.001220703,0.000305176,
6.61,2023-07-21,6:32:39 PM,1.01776123,0.000305176,-0.001220703,0.000305176,
6.62,2023-07-21,6:32:39 PM,1.01776123,0.000305176,-0.001220703,0.000305176,
6.63,2023-07-21,6:32:39 PM,1.01776123,0.000305176,-0.001220703,0.000305176,
6.64,2023-07-21,6:32:39 PM,1.01776123,0.000305176,-0.001220703,0.000305176,
6.65,2023-07-21,6:32:39 PM,1.018066406,0.000305176,-0.000915527,0.000305176,
6.66,2023-07-21,6:32:39 PM,1.018371582,0.000305176,-0.000915527,0.000305176,
6.67,2023-07-21,6:32:39 PM,1.018676758,0.000305176,-0.000915527,0.000305176,
6.68,2023-07-21,6:32:39 PM,1.018676758,0.000305176,-0.001220703,0.000305176,
6.69,2023-07-21,6:32:39 PM,1.018371582,0.000305176,-0.001220703,0.000305176,
6.7,2023-07-21,6:32:39 PM,1.018066406,0.000305176,-0.001220703,0.000305176,
6.71,2023-07-21,6:32:39 PM,1.018066406,0.000305176,-0.001220703,0.000305176,
6.72,2023-07-21,6:32:39 PM,1.018066406,0.000305176,-0.001220703,0.000305176,
6.73,2023-07-21,6:32:39 PM,1.018066406,0.000305176,-0.001220703,0.000305176,
6.74,2023-07-21,6:32:39 PM,1.018066406,0.000305176,-0.001220703,0.000305176,
6.75,2023-07-21,6:32:39 PM,1.018371582,0.000305176,-0.001220703,0.000305176,
6.76,2023-07-21,6:32:39 PM,1.018676758,0.000305176,-0.001220703,0.000305176,
6.77,2023-07-21,6:32:39 PM,1.018371582,0.000305176,-0.001220703,0.000305176,
6.78,2023-07-21,6:32:39 PM,1.018371582,0.000305176,-0.001220703,0.000305176,
6.79,2023-07-21,6:32:39 PM,1.018066406,0.000305176,-0.001220703,0.000305176,
6.8,2023-07-21,6:32:39 PM,1.01776123,0.000305176,-0.001220703,0.000305176,
6.81,2023-07-21,6:32:39 PM,1.01776123,0.000305176,-0.001220703,0.000305176,
6.82,2023-07-21,6:32:39 PM,1.01776123,0.000305176,-0.001220703,0.000305176,
6.83,2023-07-21,6:32:39 PM,1.018066406,0.000305176,-0.000915527,0.000305176,
6.84,2023-07-21,6:32:39 PM,1.018066406,0.000305176,-0.000915527,0.000305176,
6.85,2023-07-21,6:32:39 PM,1.018371582,0.000305176,-0.000915527,0.000305176,
6.86,2023-07-21,6:32:39 PM,1.018371582,0.000305176,-0.000915527,0.000305176,
6.87,2023-07-21,6:32:39 PM,1.018371582,0.000305176,-0.000915527,0.000305176,
6.88,2023-07-21,6:32:39 PM,1.018066406,0.000305176,-0.000915527,0.000305176,
6.89,2023-07-21,6:32:39 PM,1.018066406,0.000305176,-0.000915527,0.000305176,
6.9,2023-07-21,6:32:39 PM,1.01776123,0.000305176,-0.001220703,0.000305176,
6.91,2023-07-21,6:32:39 PM,1.01776123,0.000305176,-0.001220703,0.000305176,
6.92,2023-07-21,6:32:39 PM,1.017456055,0.000305176,-0.001220703,0.000305176,
6.93,2023-07-21,6:32:39 PM,1.017456055,0.000305176,-0.001220703,0.000305176,
6.94,2023-07-21,6:32:39 PM,1.017456055,0.000305176,-0.001220703,0.000305176,
6.95,2023-07-21,6:32:39 PM,1.017456055,0.000305176,-0.001220703,0.000305176,
6.96,2023-07-21,6:32:39 PM,1.017456055,0.000305176,-0.001220703,0.000305176,
6.97,2023-07-21,6:32:39 PM,1.01776123,0.000305176,-0.001220703,0,
6.98,2023-07-21,6:32:39 PM,1.01776123,0.000305176,-0.001220703,0,
6.99,2023-07-21,6:32:39 PM,1.017456055,0.000305176,-0.001220703,0,
7,2023-07-21,6:32:40 PM,1.017456055,0.000305176,-0.001220703,0,
7.01,2023-07-21,6:32:40 PM,1.017150879,0.000305176,-0.001220703,0,
7.02,2023-07-21,6:32:40 PM,1.016845703,0.000305176,-0.001220703,0,
7.03,2023-07-21,6:32:40 PM,1.016845703,0.000305176,-0.001220703,0,
7.04,2023-07-21,6:32:40 PM,1.016845703,0.000305176,-0.001220703,0,
7.05,2023-07-21,6:32:40 PM,1.016845703,0.000305176,-0.001220703,0,
7.06,2023-07-21,6:32:40 PM,1.017150879,0.000305176,-0.001220703,0,
7.07,2023-07-21,6:32:40 PM,1.017456055,0.000305176,-0.001220703,0.000305176,
7.08,2023-07-21,6:32:40 PM,1.017456055,0.000305176,-0.001220703,0.000305176,
7.09,2023-07-21,6:32:40 PM,1.017456055,0.000305176,-0.001220703,0.000305176,
7.1,2023-07-21,6:32:40 PM,1.017150879,0.000305176,-0.001220703,0.000305176,
7.11,2023-07-21,6:32:40 PM,1.016845703,0.000305176,-0.000915527,0.000305176,
7.12,2023-07-21,6:32:40 PM,1.016845703,0.000305176,-0.000915527,0.000305176,
7.13,2023-07-21,6:32:40 PM,1.016845703,0.000305176,-0.001220703,0.000305176,
7.14,2023-07-21,6:32:40 PM,1.017150879,0.000305176,-0.001220703,0,
7.15,2023-07-21,6:32:40 PM,1.017150879,0.000305176,-0.001220703,0,
7.16,2023-07-21,6:32:40 PM,1.017456055,0.000305176,-0.001220703,0,
7.17,2023-07-21,6:32:40 PM,1.017150879,0.000305176,-0.001220703,0,
7.18,2023-07-21,6:32:40 PM,1.017150879,0.000305176,-0.001220703,0,
7.19,2023-07-21,6:32:40 PM,1.017150879,0.000305176,-0.001220703,0,
7.2,2023-07-21,6:32:40 PM,1.017150879,0.000305176,-0.000915527,0,
7.21,2023-07-21,6:32:40 PM,1.017150879,0.000305176,-0.000915527,0.000305176,
7.22,2023-07-21,6:32:40 PM,1.016845703,0.000305176,-0.000915527,0.000305176,
7.23,2023-07-21,6:32:40 PM,1.016845703,0.000305176,-0.000915527,0,
7.24,2023-07-21,6:32:40 PM,1.016540527,0.000305176,-0.000915527,0,
7.25,2023-07-21,6:32:40 PM,1.016540527,0.000305176,-0.000915527,0,
7.26,2023-07-21,6:32:40 PM,1.016540527,0.000305176,-0.000915527,0,
7.27,2023-07-21,6:32:40 PM,1.016540527,0.000305176,-0.000915527,0,
7.28,2023-07-21,6:32:40 PM,1.016540527,0.000305176,-0.000915527,0,
7.29,2023-07-21,6:32:40 PM,1.016540527,0.000305176,-0.001220703,0,
7.3,2023-07-21,6:32:40 PM,1.016845703,0.000305176,-0.001220703,0.000305176,
7.31,2023-07-21,6:32:40 PM,1.016845703,0.000305176,-0.001220703,0.000305176,
7.32,2023-07-21,6:32:40 PM,1.016845703,0.000305176,-0.001220703,0,
7.33,2023-07-21,6:32:40 PM,1.016845703,0.000305176,-0.001220703,0,
7.34,2023-07-21,6:32:40 PM,1.016540527,0.000305176,-0.001220703,0,
7.35,2023-07-21,6:32:40 PM,1.016540527,0.000305176,-0.001220703,0,
7.36,2023-07-21,6:32:40 PM,1.016540527,0.000305176,-0.001220703,0,
7.37,2023-07-21,6:32:40 PM,1.016540527,0.000305176,-0.001220703,0,
7.38,2023-07-21,6:32:40 PM,1.016540527,0.000305176,-0.001220703,0.000305176,
7.39,2023-07-21,6:32:40 PM,1.016540527,0.000305176,-0.001220703,0.000305176,
7.4,2023-07-21,6:32:40 PM,1.016540527,0.000305176,-0.001220703,0.000305176,
7.41,2023-07-21,6:32:40 PM,1.016540527,0.000305176,-0.001220703,0.000305176,
7.42,2023-07-21,6:32:40 PM,1.016540527,0.000305176,-0.001220703,0.000305176,
7.43,2023-07-21,6:32:40 PM,1.016540527,0.000305176,-0.000915527,0.000305176,
7.44,2023-07-21,6:32:40 PM,1.016540527,0.000305176,-0.000915527,0.000305176,
7.45,2023-07-21,6:32:40 PM,1.016235352,0.000305176,-0.000915527,0,
7.46,2023-07-21,6:32:40 PM,1.016235352,0.000305176,-0.000915527,0,
7.47,2023-07-21,6:32:40 PM,1.016235352,0.000305176,-0.000915527,0,
7.48,2023-07-21,6:32:40 PM,1.016235352,0.000305176,-0.000915527,0,
7.49,2023-07-21,6:32:40 PM,1.016235352,0.000305176,-0.000915527,0,
7.5,2023-07-21,6:32:40 PM,1.016235352,0.000305176,-0.001220703,0,
7.51,2023-07-21,6:32:40 PM,1.016235352,0.000305176,-0.001220703,0,
7.52,2023-07-21,6:32:40 PM,1.016235352,0.000305176,-0.001220703,0,
7.53,2023-07-21,6:32:40 PM,1.016235352,0.000305176,-0.001220703,0,
7.54,2023-07-21,6:32:40 PM,1.016235352,0.000305176,-0.001220703,0,
7.55,2023-07-21,6:32:40 PM,1.016235352,0.000305176,-0.001220703,0,
7.56,2023-07-21,6:32:40 PM,1.015930176,0.000305176,-0.001220703,0,
7.57,2023-07-21,6:32:40 PM,1.015625,0.000305176,-0.001220703,0.000305176,
7.58,2023-07-21,6:32:40 PM,1.015319824,0.000305176,-0.000915527,0.000305176,
7.59,2023-07-21,6:32:40 PM,1.015319824,0.000305176,-0.001220703,0.000305176,
7.6,2023-07-21,6:32:40 PM,1.015319824,0.000305176,-0.001220703,0.000305176,
7.61,2023-07-21,6:32:40 PM,1.015625,0.000305176,-0.001220703,0.000305176,
7.62,2023-07-21,6:32:40 PM,1.015930176,0.000305176,-0.001220703,0.000305176,
7.63,2023-07-21,6:32:40 PM,1.015930176,0.000305176,-0.001220703,0.000305176,
7.64,2023-07-21,6:32:40 PM,1.016235352,0.000305176,-0.001220703,0.000305176,
7.65,2023-07-21,6:32:40 PM,1.015930176,0.000305176,-0.001220703,0.000305176,
7.66,2023-07-21,6:32:40 PM,1.015930176,0.000305176,-0.001220703,0.000305176,
7.67,2023-07-21,6:32:40 PM,1.015319824,0.000305176,-0.001220703,0.000305176,
7.68,2023-07-21,6:32:40 PM,1.015319824,0.000305176,-0.001220703,0.000305176,
7.69,2023-07-21,6:32:40 PM,1.015319824,0.000305176,-0.001220703,0.000305176,
7.7,2023-07-21,6:32:40 PM,1.015319824,0.000305176,-0.001220703,0.000305176,
7.71,2023-07-21,6:32:40 PM,1.015319824,0.000305176,-0.001220703,0.000305176,
7.72,2023-07-21,6:32:40 PM,1.015625,0.000305176,-0.001220703,0.000305176,
7.73,2023-07-21,6:32:40 PM,1.015930176,0.000305176,-0.001220703,0.000305176,
7.74,2023-07-21,6:32:40 PM,1.015930176,0.000305176,-0.001220703,0.000305176,
7.75,2023-07-21,6:32:40 PM,1.015930176,0.000305176,-0.001220703,0.000305176,
7.76,2023-07-21,6:32:40 PM,1.015625,0.000305176,-0.001220703,0.000305176,
7.77,2023-07-21,6:32:40 PM,1.015625,0.000305176,-0.001220703,0.000305176,
7.78,2023-07-21,6:32:40 PM,1.015014648,0.000305176,-0.001220703,0.000305176,
7.79,2023-07-21,6:32:40 PM,1.015014648,0.000305176,-0.001220703,0.000305176,
7.8,2023-07-21,6:32:40 PM,1.015014648,0.000305176,-0.000915527,0.000305176,
7.81,2023-07-21,6:32:40 PM,1.015014648,0.000305176,-0.000915527,0.000305176,
7.82,2023-07-21,6:32:40 PM,1.015319824,0.000305176,-0.000915527,0,
7.83,2023-07-21,6:32:40 PM,1.015319824,0.000305176,-0.001220703,0,
7.84,2023-07-21,6:32:40 PM,1.015625,0.000305176,-0.001220703,0,
7.85,2023-07-21,6:32:40 PM,1.015625,0.000305176,-0.001220703,0,
7.86,2023-07-21,6:32:40 PM,1.015625,0.000305176,-0.001220703,0,
7.87,2023-07-21,6:32:40 PM,1.015319824,0.000305176,-0.001220703,0,
7.88,2023-07-21,6:32:40 PM,1.015014648,0.000305176,-0.000915527,0.000305176,
7.89,2023-07-21,6:32:40 PM,1.015014648,0.000305176,-0.001220703,0.000305176,
7.9,2023-07-21,6:32:40 PM,1.015014648,0.000305176,-0.001220703,0.000305176,
7.91,2023-07-21,6:32:40 PM,1.015014648,0.000305176,-0.001220703,0.000305176,
7.92,2023-07-21,6:32:40 PM,1.015014648,0.000305176,-0.001220703,0.000305176,
7.93,2023-07-21,6:32:40 PM,1.015014648,0.000305176,-0.001220703,0.000305176,
7.94,2023-07-21,6:32:40 PM,1.015319824,0.000305176,-0.001220703,0.000305176,
7.95,2023-07-21,6:32:40 PM,1.015319824,0.000305176,-0.001220703,0.000305176,
7.96,2023-07-21,6:32:40 PM,1.015625,0.000305176,-0.001220703,0.000305176,
7.97,2023-07-21,6:32:40 PM,1.015319824,0.000305176,-0.000915527,0.000305176,
7.98,2023-07-21,6:32:40 PM,1.015014648,0.000610352,-0.001220703,0.000305176,
7.99,2023-07-21,6:32:40 PM,1.014709473,0.000610352,-0.001220703,0.000305176,
8,2023-07-21,6:32:41 PM,1.014709473,0.000610352,-0.001220703,0.000305176,
8.01,2023-07-21,6:32:41 PM,1.014709473,0.000610352,-0.001220703,0.000305176,
8.02,2023-07-21,6:32:41 PM,1.014709473,0.000305176,-0.001220703,0.000305176,
8.03,2023-07-21,6:32:41 PM,1.014709473,0.000305176,-0.001220703,0.000305176,
8.04,2023-07-21,6:32:41 PM,1.014709473,0.000305176,-0.001220703,0.000305176,
8.05,2023-07-21,6:32:41 PM,1.015014648,0.000305176,-0.001220703,0.000305176,
8.06,2023-07-21,6:32:41 PM,1.015014648,0.000305176,-0.000915527,0.000305176,
8.07,2023-07-21,6:32:41 PM,1.014709473,0.000305176,-0.000915527,0.000305176,
8.08,2023-07-21,6:32:41 PM,1.014404297,0.000305176,-0.001220703,0.000305176,
8.09,2023-07-21,6:32:41 PM,1.014404297,0.000305176,-0.001220703,0.000305176,
8.1,2023-07-21,6:32:41 PM,1.014404297,0.000305176,-0.001220703,0.000305176,
8.11,2023-07-21,6:32:41 PM,1.014404297,0.000305176,-0.001220703,0.000305176,
8.12,2023-07-21,6:32:41 PM,1.014404297,0.000305176,-0.001220703,0.000305176,
8.13,2023-07-21,6:32:41 PM,1.014709473,0.000305176,-0.001220703,0,
8.14,2023-07-21,6:32:41 PM,1.014709473,0.000305176,-0.000915527,0,
8.15,2023-07-21,6:32:41 PM,1.014709473,0.000305176,-0.000915527,0,
8.16,2023-07-21,6:32:41 PM,1.015014648,0.000305176,-0.000915527,0,
8.17,2023-07-21,6:32:41 PM,1.015014648,0.000305176,-0.001220703,0,
8.18,2023-07-21,6:32:41 PM,1.014709473,0.000305176,-0.001220703,0,
8.19,2023-07-21,6:32:41 PM,1.014404297,0.000305176,-0.001220703,0,
8.2,2023-07-21,6:32:41 PM,1.014404297,0.000305176,-0.001220703,0,
8.21,2023-07-21,6:32:41 PM,1.014404297,0.000305176,-0.001220703,0.000305176,
8.22,2023-07-21,6:32:41 PM,1.014404297,0.000305176,-0.001220703,0.000305176,
8.23,2023-07-21,6:32:41 PM,1.014404297,0.000305176,-0.001220703,0.000305176,
8.24,2023-07-21,6:32:41 PM,1.014404297,0.000305176,-0.001220703,0.000305176,
8.25,2023-07-21,6:32:41 PM,1.014404297,0.000305176,-0.001220703,0.000305176,
8.26,2023-07-21,6:32:41 PM,1.014709473,0.000305176,-0.001220703,0,
8.27,2023-07-21,6:32:41 PM,1.014709473,0.000305176,-0.001220703,0,
8.28,2023-07-21,6:32:41 PM,1.014404297,0.000305176,-0.001220703,0,
8.29,2023-07-21,6:32:41 PM,1.014099121,0.000305176,-0.001220703,0,
8.3,2023-07-21,6:32:41 PM,1.014099121,0.000305176,-0.001220703,0,
8.31,2023-07-21,6:32:41 PM,1.014099121,0.000305176,-0.001220703,0,
8.32,2023-07-21,6:32:41 PM,1.014099121,0.000305176,-0.001220703,0,
8.33,2023-07-21,6:32:41 PM,1.014099121,0.000305176,-0.001220703,0,
8.34,2023-07-21,6:32:41 PM,1.014099121,0.000305176,-0.001220703,0,
8.35,2023-07-21,6:32:41 PM,1.014099121,0.000305176,-0.001220703,0,
8.36,2023-07-21,6:32:41 PM,1.014404297,0.000305176,-0.001220703,0,
8.37,2023-07-21,6:32:41 PM,1.014404297,0.000305176,-0.001220703,0,
8.38,2023-07-21,6:32:41 PM,1.014099121,0.000305176,-0.001220703,0,
8.39,2023-07-21,6:32:41 PM,1.014099121,0.000305176,-0.001220703,0,
8.4,2023-07-21,6:32:41 PM,1.014099121,0.000305176,-0.001220703,0,
8.41,2023-07-21,6:32:41 PM,1.014099121,0.000305176,-0.001220703,0.000305176,
8.42,2023-07-21,6:32:41 PM,1.014099121,0.000305176,-0.001220703,0.000305176,
8.43,2023-07-21,6:32:41 PM,1.014099121,0.000305176,-0.001220703,0.000305176,
8.44,2023-07-21,6:32:41 PM,1.014099121,0.000305176,-0.001220703,0.000305176,
8.45,2023-07-21,6:32:41 PM,1.014099121,0.000305176,-0.001220703,0.000305176,
8.46,2023-07-21,6:32:41 PM,1.014099121,0.000305176,-0.001220703,0.000305176,
8.47,2023-07-21,6:32:41 PM,1.014099121,0.000305176,-0.001220703,0.000305176,
8.48,2023-07-21,6:32:41 PM,1.01348877,0.000305176,-0.001220703,0.000305176,
8.49,2023-07-21,6:32:41 PM,1.01348877,0.000305176,-0.001220703,0.000305176,
8.5,2023-07-21,6:32:41 PM,1.01348877,0.000305176,-0.000915527,0.000305176,
8.51,2023-07-21,6:32:41 PM,1.01348877,0.000305176,-0.000915527,0.000305176,
8.52,2023-07-21,6:32:41 PM,1.01348877,0.000305176,-0.000915527,0.000305176,
8.53,2023-07-21,6:32:41 PM,1.01348877,0.000305176,-0.000915527,0.000305176,
8.54,2023-07-21,6:32:41 PM,1.01348877,0.000305176,-0.001220703,0.000305176,
8.55,2023-07-21,6:32:41 PM,1.014099121,0.000305176,-0.001220703,0.000305176,
8.56,2023-07-21,6:32:41 PM,1.01348877,0.000305176,-0.001220703,0.000305176,
8.57,2023-07-21,6:32:41 PM,1.01348877,0.000305176,-0.001220703,0.000305176,
8.58,2023-07-21,6:32:41 PM,1.01348877,0.000305176,-0.001220703,0.000305176,
8.59,2023-07-21,6:32:41 PM,1.01348877,0.000305176,-0.001220703,0.000305176,
8.6,2023-07-21,6:32:41 PM,1.01348877,0.000305176,-0.000915527,0.000305176,
8.61,2023-07-21,6:32:41 PM,1.01348877,0.000305176,-0.000915527,0.000305176,
8.62,2023-07-21,6:32:41 PM,1.01348877,0.000305176,-0.000915527,0.000305176,
8.63,2023-07-21,6:32:41 PM,1.013183594,0.000305176,-0.000915527,0.000305176,
8.64,2023-07-21,6:32:41 PM,1.013183594,0.000305176,-0.001220703,0.000305176,
8.65,2023-07-21,6:32:41 PM,1.013183594,0.000305176,-0.001220703,0.000305176,
8.66,2023-07-21,6:32:41 PM,1.013183594,0.000305176,-0.001220703,0.000305176,
8.67,2023-07-21,6:32:41 PM,1.013183594,0.000610352,-0.001220703,0.000305176,
8.68,2023-07-21,6:32:41 PM,1.013183594,0.000305176,-0.001220703,0.000305176,
8.69,2023-07-21,6:32:41 PM,1.013183594,0.000305176,-0.001220703,0.000305176,
8.7,2023-07-21,6:32:41 PM,1.013183594,0.000305176,-0.001220703,0.000305176,
8.71,2023-07-21,6:32:41 PM,1.01348877,0.000305176,-0.001220703,0.000305176,
8.72,2023-07-21,6:32:41 PM,1.01348877,0.000305176,-0.001220703,0.000305176,
8.73,2023-07-21,6:32:41 PM,1.01348877,0.000305176,-0.001220703,0,
8.74,2023-07-21,6:32:41 PM,1.013183594,0.000305176,-0.001220703,0,
8.75,2023-07-21,6:32:41 PM,1.013183594,0.000305176,-0.000915527,0,
8.76,2023-07-21,6:32:41 PM,1.013183594,0.000305176,-0.000915527,0,
8.77,2023-07-21,6:32:41 PM,1.013183594,0.000305176,-0.000915527,0,
8.78,2023-07-21,6:32:41 PM,1.013183594,0.000305176,-0.000915527,0.000305176,
8.79,2023-07-21,6:32:41 PM,1.013183594,0.000305176,-0.000915527,0.000305176,
8.8,2023-07-21,6:32:41 PM,1.013183594,0.000305176,-0.001220703,0,
8.81,2023-07-21,6:32:41 PM,1.013183594,0.000305176,-0.001220703,0,
8.82,2023-07-21,6:32:41 PM,1.013183594,0.000305176,-0.001220703,0,
8.83,2023-07-21,6:32:41 PM,1.013183594,0.000305176,-0.001220703,0,
8.84,2023-07-21,6:32:41 PM,1.013183594,0.000305176,-0.001220703,0,
8.85,2023-07-21,6:32:41 PM,1.012878418,0.000305176,-0.001220703,0,
8.86,2023-07-21,6:32:41 PM,1.012878418,0.000305176,-0.001220703,0.000305176,
8.87,2023-07-21,6:32:41 PM,1.012878418,0.000305176,-0.001220703,0.000305176,
8.88,2023-07-21,6:32:41 PM,1.012878418,0.000305176,-0.001220703,0.000305176,
8.89,2023-07-21,6:32:41 PM,1.012878418,0.000305176,-0.001220703,0.000305176,
8.9,2023-07-21,6:32:41 PM,1.012878418,0.000305176,-0.001220703,0.000305176,
8.91,2023-07-21,6:32:41 PM,1.012878418,0.000305176,-0.001220703,0.000305176,
8.92,2023-07-21,6:32:41 PM,1.012878418,0.000305176,-0.001220703,0.000305176,
8.93,2023-07-21,6:32:41 PM,1.012878418,0.000305176,-0.000915527,0.000305176,
8.94,2023-07-21,6:32:41 PM,1.012878418,0.000305176,-0.000915527,0.000305176,
8.95,2023-07-21,6:32:41 PM,1.012573242,0.000610352,-0.000915527,0.000305176,
8.96,2023-07-21,6:32:41 PM,1.012573242,0.000610352,-0.000915527,0.000305176,
8.97,2023-07-21,6:32:41 PM,1.012573242,0.000610352,-0.000915527,0.000305176,
8.98,2023-07-21,6:32:41 PM,1.012573242,0.000305176,-0.000915527,0,
8.99,2023-07-21,6:32:41 PM,1.012573242,0.000305176,-0.001220703,0,
9,2023-07-21,6:32:42 PM,1.012573242,0.000305176,-0.001220703,0,
9.01,2023-07-21,6:32:42 PM,1.012573242,0.000305176,-0.001220703,0,
9.02,2023-07-21,6:32:42 PM,1.012573242,0.000305176,-0.001220703,0,
9.03,2023-07-21,6:32:42 PM,1.012878418,0.000305176,-0.001220703,0,
9.04,2023-07-21,6:32:42 PM,1.012573242,0.000305176,-0.001220703,0,
9.05,2023-07-21,6:32:42 PM,1.012573242,0.000305176,-0.001220703,0,
9.06,2023-07-21,6:32:42 PM,1.012268066,0.000305176,-0.001220703,0.000305176,
9.07,2023-07-21,6:32:42 PM,1.012268066,0.000305176,-0.001220703,0.000305176,
9.08,2023-07-21,6:32:42 PM,1.012268066,0.000305176,-0.001220703,0.000305176,
9.09,2023-07-21,6:32:42 PM,1.012268066,0.000305176,-0.001220703,0.000305176,
9.1,2023-07-21,6:32:42 PM,1.012268066,0.000305176,-0.000915527,0.000305176,
9.11,2023-07-21,6:32:42 PM,1.012268066,0.000610352,-0.000915527,0.000305176,
9.12,2023-07-21,6:32:42 PM,1.012268066,0.000305176,-0.001220703,0.000305176,
9.13,2023-07-21,6:32:42 PM,1.012573242,0.000305176,-0.001220703,0.000305176,
9.14,2023-07-21,6:32:42 PM,1.012573242,0.000305176,-0.001220703,0.000305176,
9.15,2023-07-21,6:32:42 PM,1.012573242,0.000305176,-0.001220703,0,
9.16,2023-07-21,6:32:42 PM,1.012268066,0.000305176,-0.001220703,0,
9.17,2023-07-21,6:32:42 PM,1.012268066,0.000305176,-0.001220703,0,
9.18,2023-07-21,6:32:42 PM,1.011962891,0.000305176,-0.001220703,0,
9.19,2023-07-21,6:32:42 PM,1.011962891,0.000305176,-0.001220703,0.000305176,
9.2,2023-07-21,6:32:42 PM,1.011962891,0.000305176,-0.001220703,0.000305176,
9.21,2023-07-21,6:32:42 PM,1.011962891,0.000305176,-0.001220703,0.000305176,
9.22,2023-07-21,6:32:42 PM,1.011962891,0.000305176,-0.001220703,0.000305176,
9.23,2023-07-21,6:32:42 PM,1.012268066,0.000305176,-0.001220703,0.000305176,
9.24,2023-07-21,6:32:42 PM,1.012573242,0.000305176,-0.001220703,0.000305176,
9.25,2023-07-21,6:32:42 PM,1.012573242,0.000305176,-0.001220703,0.000305176,
9.26,2023-07-21,6:32:42 PM,1.012573242,0.000305176,-0.001220703,0.000305176,
9.27,2023-07-21,6:32:42 PM,1.012268066,0.000305176,-0.000915527,0.000305176,
9.28,2023-07-21,6:32:42 PM,1.011962891,0.000305176,-0.000915527,0.000305176,
9.29,2023-07-21,6:32:42 PM,1.011962891,0.000305176,-0.000915527,0.000305176,
9.3,2023-07-21,6:32:42 PM,1.011962891,0.000305176,-0.001220703,0.000305176,
9.31,2023-07-21,6:32:42 PM,1.011962891,0.000305176,-0.001220703,0.000305176,
9.32,2023-07-21,6:32:42 PM,1.011962891,0.000305176,-0.001220703,0,
9.33,2023-07-21,6:32:42 PM,1.012268066,0.000305176,-0.001220703,0,
9.34,2023-07-21,6:32:42 PM,1.012268066,0.000305176,-0.001220703,0,
9.35,2023-07-21,6:32:42 PM,1.012573242,0.000305176,-0.001220703,0,
9.36,2023-07-21,6:32:42 PM,1.012268066,0.000305176,-0.001220703,0,
9.37,2023-07-21,6:32:42 PM,1.011962891,0.000305176,-0.001220703,0,
9.38,2023-07-21,6:32:42 PM,1.011962891,0.000305176,-0.001220703,0.000305176,
9.39,2023-07-21,6:32:42 PM,1.011962891,0.000305176,-0.001220703,0.000305176,
9.4,2023-07-21,6:32:42 PM,1.011657715,0.000305176,-0.001220703,0.000305176,
9.41,2023-07-21,6:32:42 PM,1.011657715,0.000305176,-0.001220703,0.000305176,
9.42,2023-07-21,6:32:42 PM,1.011657715,0.000305176,-0.001220703,0.000305176,
9.43,2023-07-21,6:32:42 PM,1.011657715,0.000305176,-0.001220703,0.000305176,
9.44,2023-07-21,6:32:42 PM,1.011962891,0.000305176,-0.001220703,0.000305176,
9.45,2023-07-21,6:32:42 PM,1.011962891,0.000305176,-0.001220703,0,
9.46,2023-07-21,6:32:42 PM,1.011657715,0.000305176,-0.001220703,0,
9.47,2023-07-21,6:32:42 PM,1.011657715,0.000305176,-0.000915527,0,
9.48,2023-07-21,6:32:42 PM,1.011657715,0.000305176,-0.000915527,0,
9.49,2023-07-21,6:32:42 PM,1.011352539,0.000305176,-0.000915527,0,
9.5,2023-07-21,6:32:42 PM,1.011352539,0.000305176,-0.000915527,0.000305176,
9.51,2023-07-21,6:32:42 PM,1.011352539,0.000305176,-0.000915527,0.000305176,
9.52,2023-07-21,6:32:42 PM,1.011352539,0.000305176,-0.000915527,0.000305176,
9.53,2023-07-21,6:32:42 PM,1.011657715,0.000305176,-0.000915527,0.000305176,
9.54,2023-07-21,6:32:42 PM,1.011962891,0.000305176,-0.000915527,0.000305176,
9.55,2023-07-21,6:32:42 PM,1.011962891,0.000305176,-0.000915527,0.000305176,
9.56,2023-07-21,6:32:42 PM,1.012268066,0.000305176,-0.000915527,0.000305176,
9.57,2023-07-21,6:32:42 PM,1.011962891,0.000305176,-0.000915527,0,
9.58,2023-07-21,6:32:42 PM,1.011962891,0.000305176,-0.000915527,0,
9.59,2023-07-21,6:32:42 PM,1.011657715,0.000305176,-0.001220703,0,
9.6,2023-07-21,6:32:42 PM,1.011657715,0.000305176,-0.001220703,0,
9.61,2023-07-21,6:32:42 PM,1.011657715,0.000305176,-0.001220703,0.000305176,
9.62,2023-07-21,6:32:42 PM,1.011657715,0.000305176,-0.001220703,0.000305176,
9.63,2023-07-21,6:32:42 PM,1.011657715,0.000305176,-0.001220703,0.000305176,
9.64,2023-07-21,6:32:42 PM,1.011657715,0.000305176,-0.001220703,0.000305176,
9.65,2023-07-21,6:32:42 PM,1.011962891,0.000305176,-0.001220703,0.000305176,
9.66,2023-07-21,6:32:42 PM,1.011962891,0.000305176,-0.001220703,0.000305176,
9.67,2023-07-21,6:32:42 PM,1.011962891,0.000305176,-0.001220703,0.000305176,
9.68,2023-07-21,6:32:42 PM,1.011962891,0.000305176,-0.001220703,0.000305176,
9.69,2023-07-21,6:32:42 PM,1.011657715,0.000305176,-0.001220703,0.000305176,
9.7,2023-07-21,6:32:42 PM,1.011657715,0.000305176,-0.001220703,0.000305176,
9.71,2023-07-21,6:32:42 PM,1.011657715,0.000305176,-0.001220703,0.000305176,
9.72,2023-07-21,6:32:42 PM,1.011657715,0.000305176,-0.001220703,0.000305176,
9.73,2023-07-21,6:32:42 PM,1.011657715,0.000305176,-0.001220703,0.000305176,
9.74,2023-07-21,6:32:42 PM,1.011657715,0.000305176,-0.001220703,0.000305176,
9.75,2023-07-21,6:32:42 PM,1.011657715,0.000305176,-0.001220703,0.000305176,
9.76,2023-07-21,6:32:42 PM,1.011657715,0.000305176,-0.001220703,0.000305176,
9.77,2023-07-21,6:32:42 PM,1.011657715,0.000305176,-0.001220703,0.000305176,
9.78,2023-07-21,6:32:42 PM,1.011657715,0.000305176,-0.000915527,0.000305176,
9.79,2023-07-21,6:32:42 PM,1.011657715,0.000305176,-0.000915527,0.000305176,
9.8,2023-07-21,6:32:42 PM,1.011352539,0.000305176,-0.001220703,0.000305176,
9.81,2023-07-21,6:32:42 PM,1.011352539,0.000305176,-0.001220703,0.000305176,
9.82,2023-07-21,6:32:42 PM,1.011352539,0.000305176,-0.001220703,0.000305176,
9.83,2023-07-21,6:32:42 PM,1.011352539,0.000305176,-0.001220703,0.000305176,
9.84,2023-07-21,6:32:42 PM,1.011352539,0.000305176,-0.001220703,0.000305176,
9.85,2023-07-21,6:32:42 PM,1.011352539,0.000305176,-0.001220703,0.000305176,
9.86,2023-07-21,6:32:42 PM,1.011657715,0.000305176,-0.001220703,0.000305176,
9.87,2023-07-21,6:32:42 PM,1.011657715,0.000305176,-0.001220703,0.000305176,
9.88,2023-07-21,6:32:42 PM,1.011657715,0.000305176,-0.001220703,0,
9.89,2023-07-21,6:32:42 PM,1.011352539,0.000305176,-0.001220703,0,
9.9,2023-07-21,6:32:42 PM,1.011352539,0.000305176,-0.001220703,0,
9.91,2023-07-21,6:32:42 PM,1.011352539,0.000305176,-0.001220703,0,
9.92,2023-07-21,6:32:42 PM,1.011352539,0.000305176,-0.001220703,0,
9.93,2023-07-21,6:32:42 PM,1.011352539,0.000305176,-0.001220703,0,
9.94,2023-07-21,6:32:42 PM,1.011047363,0.000305176,-0.000915527,0.000305176,
9.95,2023-07-21,6:32:42 PM,1.011047363,0.000305176,-0.000915527,0.000305176,
9.96,2023-07-21,6:32:42 PM,1.011047363,0.000305176,-0.000915527,0.000305176,
9.97,2023-07-21,6:32:42 PM,1.011047363,0.000305176,-0.000915527,0.000305176,
9.98,2023-07-21,6:32:42 PM,1.011047363,0.000305176,-0.000915527,0.000305176,
9.99,2023-07-21,6:32:42 PM,1.011047363,0.000305176,-0.000915527,0.000305176,
